PRAGMA foreign_keys=OFF;
BEGIN TRANSACTION;
CREATE TABLE IF NOT EXISTS "django_migrations" ("id" integer NOT NULL PRIMARY KEY AUTOINCREMENT, "app" varchar(255) NOT NULL, "name" varchar(255) NOT NULL, "applied" datetime NOT NULL);
INSERT INTO django_migrations VALUES(1,'contenttypes','0001_initial','2022-07-05 02:36:21.126255');
INSERT INTO django_migrations VALUES(2,'auth','0001_initial','2022-07-05 02:36:21.171156');
INSERT INTO django_migrations VALUES(3,'admin','0001_initial','2022-07-05 02:36:21.189995');
INSERT INTO django_migrations VALUES(4,'admin','0002_logentry_remove_auto_add','2022-07-05 02:36:21.211813');
INSERT INTO django_migrations VALUES(5,'admin','0003_logentry_add_action_flag_choices','2022-07-05 02:36:21.230315');
INSERT INTO django_migrations VALUES(6,'contenttypes','0002_remove_content_type_name','2022-07-05 02:36:21.246949');
INSERT INTO django_migrations VALUES(7,'auth','0002_alter_permission_name_max_length','2022-07-05 02:36:21.271604');
INSERT INTO django_migrations VALUES(8,'auth','0003_alter_user_email_max_length','2022-07-05 02:36:21.285707');
INSERT INTO django_migrations VALUES(9,'auth','0004_alter_user_username_opts','2022-07-05 02:36:21.291528');
INSERT INTO django_migrations VALUES(10,'auth','0005_alter_user_last_login_null','2022-07-05 02:36:21.309538');
INSERT INTO django_migrations VALUES(11,'auth','0006_require_contenttypes_0002','2022-07-05 02:36:21.314980');
INSERT INTO django_migrations VALUES(12,'auth','0007_alter_validators_add_error_messages','2022-07-05 02:36:21.320789');
INSERT INTO django_migrations VALUES(13,'auth','0008_alter_user_username_max_length','2022-07-05 02:36:21.338609');
INSERT INTO django_migrations VALUES(14,'auth','0009_alter_user_last_name_max_length','2022-07-05 02:36:21.353624');
INSERT INTO django_migrations VALUES(15,'auth','0010_alter_group_name_max_length','2022-07-05 02:36:21.367301');
INSERT INTO django_migrations VALUES(16,'auth','0011_update_proxy_permissions','2022-07-05 02:36:21.376633');
INSERT INTO django_migrations VALUES(17,'auth','0012_alter_user_first_name_max_length','2022-07-05 02:36:21.394294');
INSERT INTO django_migrations VALUES(18,'dog_shelters','0001_initial','2022-07-05 02:36:21.405289');
INSERT INTO django_migrations VALUES(19,'sessions','0001_initial','2022-07-05 02:36:21.414914');
INSERT INTO django_migrations VALUES(20,'dog_shelters','0002_remove_dog_adoption_date_alter_dog_description_and_more','2022-07-05 02:58:45.072016');
INSERT INTO django_migrations VALUES(21,'shoahDDBB','0001_initial','2022-07-31 05:03:02.764696');
INSERT INTO django_migrations VALUES(22,'shoahDDBB','0002_alter_movies_mov_director_alter_movies_mov_name_and_more','2022-07-31 05:09:59.166211');
INSERT INTO django_migrations VALUES(23,'shoahDDBB','0003_alter_movies_mov_country_alter_movies_mov_director_and_more','2022-07-31 16:57:19.502268');
INSERT INTO django_migrations VALUES(24,'shoahDDBB','0004_movies_mov_rating','2022-07-31 17:22:31.002722');
INSERT INTO django_migrations VALUES(25,'shoahDDBB','0005_alter_movies_mov_rating','2022-07-31 17:33:43.666217');
INSERT INTO django_migrations VALUES(26,'shoahDDBB','0006_alter_movies_mov_rating','2022-07-31 17:38:35.932874');
INSERT INTO django_migrations VALUES(27,'contact','0001_initial','2022-08-11 02:59:09.141983');
INSERT INTO django_migrations VALUES(28,'shoahDDBB','0007_alter_movies_mov_country_alter_movies_mov_director_and_more','2022-12-26 23:31:43.849331');
CREATE TABLE IF NOT EXISTS "auth_group_permissions" ("id" integer NOT NULL PRIMARY KEY AUTOINCREMENT, "group_id" integer NOT NULL REFERENCES "auth_group" ("id") DEFERRABLE INITIALLY DEFERRED, "permission_id" integer NOT NULL REFERENCES "auth_permission" ("id") DEFERRABLE INITIALLY DEFERRED);
CREATE TABLE IF NOT EXISTS "auth_user_groups" ("id" integer NOT NULL PRIMARY KEY AUTOINCREMENT, "user_id" integer NOT NULL REFERENCES "auth_user" ("id") DEFERRABLE INITIALLY DEFERRED, "group_id" integer NOT NULL REFERENCES "auth_group" ("id") DEFERRABLE INITIALLY DEFERRED);
CREATE TABLE IF NOT EXISTS "auth_user_user_permissions" ("id" integer NOT NULL PRIMARY KEY AUTOINCREMENT, "user_id" integer NOT NULL REFERENCES "auth_user" ("id") DEFERRABLE INITIALLY DEFERRED, "permission_id" integer NOT NULL REFERENCES "auth_permission" ("id") DEFERRABLE INITIALLY DEFERRED);
CREATE TABLE IF NOT EXISTS "django_admin_log" ("id" integer NOT NULL PRIMARY KEY AUTOINCREMENT, "action_time" datetime NOT NULL, "object_id" text NULL, "object_repr" varchar(200) NOT NULL, "change_message" text NOT NULL, "content_type_id" integer NULL REFERENCES "django_content_type" ("id") DEFERRABLE INITIALLY DEFERRED, "user_id" integer NOT NULL REFERENCES "auth_user" ("id") DEFERRABLE INITIALLY DEFERRED, "action_flag" smallint unsigned NOT NULL CHECK ("action_flag" >= 0));
INSERT INTO django_admin_log VALUES(1,'2022-07-05 02:39:46.401541','2','staffuser','[{"added": {}}]',6,1,1);
INSERT INTO django_admin_log VALUES(2,'2022-07-05 02:41:04.663763','2','staffuser','[{"changed": {"fields": ["Staff status"]}}]',6,1,2);
INSERT INTO django_admin_log VALUES(3,'2022-07-05 07:07:27.806527','1','Santa Mónica','[{"added": {}}]',1,1,1);
INSERT INTO django_admin_log VALUES(4,'2022-07-05 07:08:02.688351','2','Contoso','[{"added": {}}]',1,1,1);
INSERT INTO django_admin_log VALUES(5,'2022-07-05 07:09:01.150486','1','Gumer','[{"added": {}}]',2,1,1);
INSERT INTO django_admin_log VALUES(6,'2022-07-05 07:09:32.289331','2','Laika','[{"added": {}}]',2,1,1);
INSERT INTO django_admin_log VALUES(7,'2022-07-05 07:09:40.758874','1','Gumer','[{"changed": {"fields": ["Shelter"]}}]',2,1,2);
INSERT INTO django_admin_log VALUES(8,'2022-07-05 07:13:06.406405','2','staffuser','[{"changed": {"fields": ["User permissions"]}}]',6,1,2);
INSERT INTO django_admin_log VALUES(9,'2022-07-31 05:22:53.552342','1','Anne Frank Remembered','[{"added": {}}]',9,1,1);
INSERT INTO django_admin_log VALUES(10,'2022-07-31 05:36:54.794323','2','Anne Frank: The Whole Story','[{"added": {}}]',9,1,1);
INSERT INTO django_admin_log VALUES(11,'2022-07-31 17:02:04.717349','2','staffuser','[{"changed": {"fields": ["User permissions"]}}]',6,1,2);
INSERT INTO django_admin_log VALUES(12,'2022-07-31 17:20:42.186261','3','A Day in October','[{"added": {}}]',9,1,1);
INSERT INTO django_admin_log VALUES(13,'2022-07-31 17:34:33.352322','3','A Day in October','[{"changed": {"fields": ["Mov rating"]}}]',9,1,2);
INSERT INTO django_admin_log VALUES(14,'2022-07-31 17:39:06.421865','2','Anne Frank: The Whole Story','[{"changed": {"fields": ["Mov rating"]}}]',9,1,2);
INSERT INTO django_admin_log VALUES(15,'2022-07-31 17:39:34.481845','1','Anne Frank Remembered','[{"changed": {"fields": ["Mov rating"]}}]',9,1,2);
INSERT INTO django_admin_log VALUES(16,'2022-07-31 17:52:25.856967','3','A Day in October','[]',9,1,2);
INSERT INTO django_admin_log VALUES(17,'2022-07-31 18:00:09.381193','4','A Film Unfinished','[{"added": {}}]',9,1,1);
INSERT INTO django_admin_log VALUES(18,'2022-07-31 18:48:16.984019','4','A Film Unfinished','[{"changed": {"fields": ["Mov language"]}}]',9,1,2);
INSERT INTO django_admin_log VALUES(19,'2022-07-31 18:58:44.824794','5','Amen','[{"added": {}}]',9,1,1);
INSERT INTO django_admin_log VALUES(20,'2022-07-31 23:01:34.984360','6','Auschwitz: Inside the Nazi State','[{"added": {}}]',9,1,1);
INSERT INTO django_admin_log VALUES(21,'2022-08-02 08:35:41.900869','2','Anne Frank: The Whole Story','[{"changed": {"fields": ["Mov poster"]}}]',9,1,2);
INSERT INTO django_admin_log VALUES(22,'2022-08-02 19:47:43.166919','7','Blind Spot: Hitler''s Secretary','[{"added": {}}]',9,1,1);
INSERT INTO django_admin_log VALUES(23,'2022-08-02 19:57:47.070297','8','The Boy in the Striped Pyjamas','[{"added": {}}]',9,1,1);
INSERT INTO django_admin_log VALUES(24,'2022-08-14 00:08:08.195722','1','Anne Frank Remembered','[{"changed": {"fields": ["Url trailer"]}}]',9,1,2);
INSERT INTO django_admin_log VALUES(25,'2022-08-14 00:10:58.420740','1','Anne Frank Remembered','[{"changed": {"fields": ["Url trailer"]}}]',9,1,2);
INSERT INTO django_admin_log VALUES(26,'2022-08-14 00:13:36.515319','2','Anne Frank: The Whole Story','[{"changed": {"fields": ["Url trailer"]}}]',9,1,2);
INSERT INTO django_admin_log VALUES(27,'2022-08-14 00:15:50.496503','3','A Day in October','[{"changed": {"fields": ["Url trailer"]}}]',9,1,2);
INSERT INTO django_admin_log VALUES(28,'2022-08-14 00:17:13.649230','4','A Film Unfinished','[{"changed": {"fields": ["Url trailer"]}}]',9,1,2);
INSERT INTO django_admin_log VALUES(29,'2022-08-14 00:18:31.300280','5','Amen','[{"changed": {"fields": ["Url trailer"]}}]',9,1,2);
INSERT INTO django_admin_log VALUES(30,'2022-08-14 00:20:20.168902','6','Auschwitz: Inside the Nazi State','[{"changed": {"fields": ["Url trailer"]}}]',9,1,2);
INSERT INTO django_admin_log VALUES(31,'2022-08-14 00:21:54.479068','6','Auschwitz: Inside the Nazi State','[{"changed": {"fields": ["Url trailer"]}}]',9,1,2);
INSERT INTO django_admin_log VALUES(32,'2022-08-14 00:22:26.350874','6','Auschwitz: Inside the Nazi State','[]',9,1,2);
INSERT INTO django_admin_log VALUES(33,'2022-08-14 00:28:03.931407','7','Blind Spot: Hitler''s Secretary','[{"changed": {"fields": ["Url trailer"]}}]',9,1,2);
INSERT INTO django_admin_log VALUES(34,'2022-08-14 00:29:10.983801','8','The Boy in the Striped Pyjamas','[{"changed": {"fields": ["Url trailer"]}}]',9,1,2);
INSERT INTO django_admin_log VALUES(35,'2022-08-17 14:56:19.091963','9','The Boys From Brazil','[{"added": {}}]',9,1,1);
INSERT INTO django_admin_log VALUES(36,'2022-08-17 15:06:49.459647','10','Call to Remember','[{"added": {}}]',9,1,1);
INSERT INTO django_admin_log VALUES(37,'2022-08-17 15:14:39.449953','10','Call to Remember','[{"changed": {"fields": ["Url movie", "Url trailer", "Mov poster"]}}]',9,1,2);
INSERT INTO django_admin_log VALUES(38,'2022-08-17 15:27:46.897582','11','Confessions of a Hitler Youth','[{"added": {}}]',9,1,1);
INSERT INTO django_admin_log VALUES(39,'2022-08-17 16:26:38.640625','12','Defiance','[{"added": {}}]',9,1,1);
INSERT INTO django_admin_log VALUES(40,'2022-08-17 16:53:44.674406','13','The Devil’s Arithmetic','[{"added": {}}]',9,1,1);
INSERT INTO django_admin_log VALUES(41,'2022-08-17 16:57:41.003676','14','The Diary of Anne Frank','[{"added": {}}]',9,1,1);
INSERT INTO django_admin_log VALUES(42,'2022-08-17 17:04:11.599762','15','Divided We Fall','[{"added": {}}]',9,1,1);
INSERT INTO django_admin_log VALUES(43,'2022-08-17 17:10:45.364904','16','Europa Europa','[{"added": {}}]',9,1,1);
INSERT INTO django_admin_log VALUES(44,'2022-08-17 17:11:38.816467','16','Europa Europa','[{"changed": {"fields": ["Mov poster"]}}]',9,1,2);
INSERT INTO django_admin_log VALUES(45,'2022-08-17 17:12:22.723684','15','Divided We Fall','[{"changed": {"fields": ["Mov overview"]}}]',9,1,2);
INSERT INTO django_admin_log VALUES(46,'2022-08-17 17:16:22.367608','17','Everything is Illuminated','[{"added": {}}]',9,1,1);
INSERT INTO django_admin_log VALUES(47,'2022-08-17 17:22:21.135864','18','The Garden of the Finzi-Continis','[{"added": {}}]',9,1,1);
INSERT INTO django_admin_log VALUES(48,'2022-08-17 17:35:07.280928','19','God on Trial','[{"added": {}}]',9,1,1);
INSERT INTO django_admin_log VALUES(49,'2022-08-17 17:40:58.363918','20','Good Evening, Mr. Wallenberg','[{"added": {}}]',9,1,1);
INSERT INTO django_admin_log VALUES(50,'2022-08-17 17:45:57.822788','21','The Grey Zone','[{"added": {}}]',9,1,1);
INSERT INTO django_admin_log VALUES(51,'2022-08-17 17:46:52.513382','21','The Grey Zone','[{"changed": {"fields": ["Mov poster"]}}]',9,1,2);
INSERT INTO django_admin_log VALUES(52,'2022-08-17 17:48:17.833193','21','The Grey Zone','[{"changed": {"fields": ["Mov overview"]}}]',9,1,2);
INSERT INTO django_admin_log VALUES(53,'2022-08-17 18:05:17.106150','22','Heritage: Civilization and the Jews','[{"added": {}}]',9,1,1);
INSERT INTO django_admin_log VALUES(54,'2022-08-17 18:07:09.092303','22','Heritage: Civilization and the Jews','[{"changed": {"fields": ["Url trailer", "Mov streaming"]}}]',9,1,2);
INSERT INTO django_admin_log VALUES(55,'2022-08-17 18:13:53.807869','23','Imaginary Witness: Hollywood and the Holocaust','[{"added": {}}]',9,1,1);
INSERT INTO django_admin_log VALUES(56,'2022-08-17 18:19:24.804037','24','Incident at Vichy','[{"added": {}}]',9,1,1);
INSERT INTO django_admin_log VALUES(57,'2022-08-17 22:23:47.658035','25','Into the Arms of Strangers: Stories of the Kindertransport','[{"added": {}}]',9,1,1);
INSERT INTO django_admin_log VALUES(58,'2022-08-17 22:39:45.381220','26','Jacob the Liar','[{"added": {}}]',9,1,1);
INSERT INTO django_admin_log VALUES(59,'2022-08-17 23:01:52.109792','27','Judgment at Nuremberg','[{"added": {}}]',9,1,1);
INSERT INTO django_admin_log VALUES(60,'2022-08-17 23:08:47.119177','28','The Last Days','[{"added": {}}]',9,1,1);
INSERT INTO django_admin_log VALUES(61,'2022-08-17 23:10:26.729591','28','The Last Days','[]',9,1,2);
INSERT INTO django_admin_log VALUES(62,'2022-08-17 23:15:38.943525','29','Life Is Beautiful','[{"added": {}}]',9,1,1);
INSERT INTO django_admin_log VALUES(63,'2022-08-18 00:10:51.053758','30','The Longest Hatred: The History of Anti-Semitism','[{"added": {}}]',9,1,1);
INSERT INTO django_admin_log VALUES(64,'2022-08-18 00:20:44.601245','31','The Long Way Home','[{"added": {}}]',9,1,1);
INSERT INTO django_admin_log VALUES(65,'2022-08-18 02:46:40.665412','7','Blind Spot: Hitler''s Secretary','[{"changed": {"fields": ["Mov director"]}}]',9,1,2);
INSERT INTO django_admin_log VALUES(66,'2022-08-18 20:17:16.822487','32','The Man in the Glass Booth','[{"added": {}}]',9,1,1);
INSERT INTO django_admin_log VALUES(67,'2022-08-18 20:25:52.978142','33','My Knees were Jumping: Remembering the Kindertransports','[{"added": {}}]',9,1,1);
INSERT INTO django_admin_log VALUES(68,'2022-08-18 20:28:23.476605','33','My Knees were Jumping: Remembering the Kindertransports','[{"changed": {"fields": ["Mov streaming"]}}]',9,1,2);
INSERT INTO django_admin_log VALUES(69,'2022-08-18 20:37:57.236943','34','The Nazi Officer''s Wife: How One Jewish Woman Survived the Holocaust','[{"added": {}}]',9,1,1);
INSERT INTO django_admin_log VALUES(70,'2022-08-18 20:44:53.644112','35','Night and Fog','[{"added": {}}]',9,1,1);
INSERT INTO django_admin_log VALUES(71,'2022-08-18 20:54:23.719417','36','One Survivor Remembers','[{"added": {}}]',9,1,1);
INSERT INTO django_admin_log VALUES(72,'2022-08-18 21:15:24.001376','37','Out of the Ashes','[{"added": {}}]',9,1,1);
INSERT INTO django_admin_log VALUES(73,'2022-08-18 21:24:55.211479','38','Paper Clips','[{"added": {}}]',9,1,1);
INSERT INTO django_admin_log VALUES(74,'2022-08-18 21:35:32.719717','39','The Pawnbroker','[{"added": {}}]',9,1,1);
INSERT INTO django_admin_log VALUES(75,'2022-08-18 21:40:04.035015','40','The Pianist','[{"added": {}}]',9,1,1);
INSERT INTO django_admin_log VALUES(76,'2022-08-18 23:01:47.752197','41','Rosenstrasse','[{"added": {}}]',9,1,1);
INSERT INTO django_admin_log VALUES(77,'2022-08-18 23:12:02.055660','42','7th Heaven - I Hate You Season 2, Episode 9','[{"added": {}}]',9,1,1);
INSERT INTO django_admin_log VALUES(78,'2022-08-19 00:08:26.166422','43','Schindler''s List','[{"added": {}}]',9,1,1);
INSERT INTO django_admin_log VALUES(79,'2022-08-19 02:04:37.528625','44','Shoah','[{"added": {}}]',9,1,1);
INSERT INTO django_admin_log VALUES(80,'2022-08-19 02:11:41.956227','45','The Shop on Main Street','[{"added": {}}]',9,1,1);
INSERT INTO django_admin_log VALUES(81,'2022-08-19 02:17:29.591755','46','Skokie','[{"added": {}}]',9,1,1);
INSERT INTO django_admin_log VALUES(82,'2022-08-19 02:29:16.247703','47','Survivors of the Holocaust','[{"added": {}}]',9,1,1);
INSERT INTO django_admin_log VALUES(83,'2022-08-19 02:35:05.587337','48','Varian''s War','[{"added": {}}]',9,1,1);
INSERT INTO django_admin_log VALUES(84,'2022-08-19 02:39:56.743202','49','Sophie''s Choice','[{"added": {}}]',9,1,1);
INSERT INTO django_admin_log VALUES(85,'2022-08-19 02:43:54.634784','50','Triumph of the Spirit','[{"added": {}}]',9,1,1);
INSERT INTO django_admin_log VALUES(86,'2022-08-19 02:51:46.654750','51','Uprising','[{"added": {}}]',9,1,1);
INSERT INTO django_admin_log VALUES(87,'2022-09-30 22:20:28.336813','52','The Wannsee Conference','[{"added": {}}]',9,1,1);
INSERT INTO django_admin_log VALUES(88,'2022-10-04 01:13:26.695025','53','The Wave','[{"added": {}}]',9,1,1);
INSERT INTO django_admin_log VALUES(89,'2022-10-05 03:26:19.258212','54','America and the Holocaust: Deceit and Indifference','[{"added": {}}]',9,1,1);
INSERT INTO django_admin_log VALUES(90,'2022-10-05 03:34:38.973053','55','Angel of Death','[{"added": {}}]',9,1,1);
INSERT INTO django_admin_log VALUES(91,'2022-10-05 03:46:14.170339','56','Escape from Sobibor','[{"added": {}}]',9,1,1);
INSERT INTO django_admin_log VALUES(92,'2022-10-05 04:10:44.095565','57','"The World at War" Genocide: 1941-1945','[{"added": {}}]',9,1,1);
INSERT INTO django_admin_log VALUES(93,'2022-10-05 04:44:07.555232','58','Hitler: The Whole Story','[{"added": {}}]',9,1,1);
INSERT INTO django_admin_log VALUES(94,'2022-10-05 04:52:26.639533','59','Holocaust','[{"added": {}}]',9,1,1);
INSERT INTO django_admin_log VALUES(95,'2022-10-05 05:01:27.515204','60','Image Before My Eyes','[{"added": {}}]',9,1,1);
INSERT INTO django_admin_log VALUES(96,'2022-10-05 05:08:44.926774','61','Judgment at Nuremberg','[{"added": {}}]',9,1,1);
INSERT INTO django_admin_log VALUES(97,'2022-10-20 02:25:31.626172','2','The Whole Story','[{"changed": {"fields": ["Mov name"]}}]',9,1,2);
INSERT INTO django_admin_log VALUES(98,'2022-10-20 02:26:14.633459','2','Anne Frank: The Whole Story','[{"changed": {"fields": ["Mov name"]}}]',9,1,2);
INSERT INTO django_admin_log VALUES(99,'2022-10-20 02:26:27.358236','2','Anne Frank: The Whole Story','[{"changed": {"fields": ["Mov streaming"]}}]',9,1,2);
INSERT INTO django_admin_log VALUES(100,'2022-10-20 02:28:34.210997','2','Anne Frank: The Whole Story','[{"changed": {"fields": ["Mov streaming"]}}]',9,1,2);
INSERT INTO django_admin_log VALUES(101,'2022-10-20 02:33:00.840713','4','A Film Unfinished','[{"changed": {"fields": ["Mov streaming"]}}]',9,1,2);
INSERT INTO django_admin_log VALUES(102,'2022-10-20 02:34:00.731579','4','A Film Unfinished','[{"changed": {"fields": ["Mov streaming"]}}]',9,1,2);
INSERT INTO django_admin_log VALUES(103,'2022-10-20 02:35:44.014817','6','Auschwitz: Inside the Nazi State','[{"changed": {"fields": ["Mov streaming"]}}]',9,1,2);
INSERT INTO django_admin_log VALUES(104,'2022-10-20 02:36:20.443389','6','Auschwitz: Inside the Nazi State','[{"changed": {"fields": ["Mov streaming"]}}]',9,1,2);
INSERT INTO django_admin_log VALUES(105,'2022-10-20 02:37:35.956161','7','Blind Spot: Hitler''s Secretary','[{"changed": {"fields": ["Mov streaming"]}}]',9,1,2);
INSERT INTO django_admin_log VALUES(106,'2022-10-20 02:38:30.587610','8','The Boy in the Striped Pyjamas','[{"changed": {"fields": ["Mov streaming"]}}]',9,1,2);
INSERT INTO django_admin_log VALUES(107,'2022-10-20 02:39:55.181504','9','The Boys From Brazil','[{"changed": {"fields": ["Mov streaming"]}}]',9,1,2);
INSERT INTO django_admin_log VALUES(108,'2022-10-20 02:42:26.793104','16','Europa Europa','[{"changed": {"fields": ["Mov streaming"]}}]',9,1,2);
INSERT INTO django_admin_log VALUES(109,'2022-10-20 02:43:40.900919','19','God on Trial','[{"changed": {"fields": ["Mov streaming"]}}]',9,1,2);
INSERT INTO django_admin_log VALUES(110,'2022-10-20 02:45:21.775743','22','Heritage: Civilization and the Jews','[{"changed": {"fields": ["Mov streaming"]}}]',9,1,2);
INSERT INTO django_admin_log VALUES(111,'2022-10-20 02:46:30.077917','24','Incident at Vichy','[{"changed": {"fields": ["Mov streaming"]}}]',9,1,2);
INSERT INTO django_admin_log VALUES(112,'2022-10-20 02:48:11.537518','28','The Last Days','[{"changed": {"fields": ["Mov streaming"]}}]',9,1,2);
INSERT INTO django_admin_log VALUES(113,'2022-10-20 02:49:59.076093','32','The Man in the Glass Booth','[{"changed": {"fields": ["Mov streaming"]}}]',9,1,2);
INSERT INTO django_admin_log VALUES(114,'2022-10-20 02:53:50.386509','40','The Pianist','[{"changed": {"fields": ["Mov streaming"]}}]',9,1,2);
INSERT INTO django_admin_log VALUES(115,'2022-10-20 02:55:00.212234','41','Rosenstrasse','[{"changed": {"fields": ["Mov streaming"]}}]',9,1,2);
INSERT INTO django_admin_log VALUES(116,'2022-10-20 02:56:40.106360','45','The Shop on Main Street','[{"changed": {"fields": ["Mov streaming"]}}]',9,1,2);
INSERT INTO django_admin_log VALUES(117,'2022-10-20 02:57:35.462299','46','Skokie','[{"changed": {"fields": ["Mov streaming"]}}]',9,1,2);
INSERT INTO django_admin_log VALUES(118,'2022-10-20 02:58:46.512737','48','Varian''s War','[{"changed": {"fields": ["Mov streaming"]}}]',9,1,2);
INSERT INTO django_admin_log VALUES(119,'2022-10-20 03:01:50.321705','52','The Wannsee Conference','[{"changed": {"fields": ["Mov streaming"]}}]',9,1,2);
INSERT INTO django_admin_log VALUES(120,'2022-10-20 03:02:51.633916','53','The Wave','[{"changed": {"fields": ["Mov streaming"]}}]',9,1,2);
INSERT INTO django_admin_log VALUES(121,'2022-10-20 03:04:10.385228','55','Angel of Death','[{"changed": {"fields": ["Mov streaming"]}}]',9,1,2);
INSERT INTO django_admin_log VALUES(122,'2022-10-20 03:05:21.791414','56','Escape from Sobibor','[{"changed": {"fields": ["Mov streaming"]}}]',9,1,2);
INSERT INTO django_admin_log VALUES(123,'2022-10-20 03:06:26.891436','57','"The World at War" Genocide: 1941-1945','[{"changed": {"fields": ["Mov streaming"]}}]',9,1,2);
INSERT INTO django_admin_log VALUES(124,'2022-10-20 03:09:01.186051','58','Hitler: The Whole Story','[{"changed": {"fields": ["Mov streaming"]}}]',9,1,2);
INSERT INTO django_admin_log VALUES(125,'2022-10-20 03:10:58.337391','59','Holocaust','[{"changed": {"fields": ["Mov streaming"]}}]',9,1,2);
INSERT INTO django_admin_log VALUES(126,'2022-12-27 03:28:54.893962','62','The Man Who Captured Eichmann','[{"added": {}}]',9,1,1);
INSERT INTO django_admin_log VALUES(127,'2022-12-27 05:20:47.149502','63','More Than Broken Glass: Memories of Kristallnacht','[{"added": {}}]',9,1,1);
INSERT INTO django_admin_log VALUES(128,'2022-12-27 05:26:49.167704','63','More Than Broken Glass: Memories of Kristallnacht','[{"changed": {"fields": ["Url movie", "Mov poster"]}}]',9,1,2);
INSERT INTO django_admin_log VALUES(129,'2022-12-27 05:32:28.481260','63','More Than Broken Glass: Memories of Kristallnacht','[]',9,1,2);
INSERT INTO django_admin_log VALUES(130,'2022-12-27 05:38:01.946565','64','The Nazis: A Warning from History','[{"added": {}}]',9,1,1);
INSERT INTO django_admin_log VALUES(131,'2022-12-27 05:46:05.620205','65','American Experience: The Nuremberg Trials','[{"added": {}}]',9,1,1);
INSERT INTO django_admin_log VALUES(132,'2022-12-27 05:52:34.742553','66','The Rise and Fall of Adolf Hitler','[{"added": {}}]',9,1,1);
INSERT INTO django_admin_log VALUES(133,'2022-12-27 07:01:42.986287','34','The Nazi Officer''s Wife:','[{"changed": {"fields": ["Mov name"]}}]',9,1,2);
INSERT INTO django_admin_log VALUES(134,'2022-12-27 07:04:06.800617','1','Anne Frank Remembered','[{"changed": {"fields": ["Mov streaming"]}}]',9,1,2);
INSERT INTO django_admin_log VALUES(135,'2022-12-27 08:47:02.885970','67','Shadow on the Cross','[{"added": {}}]',9,1,1);
INSERT INTO django_admin_log VALUES(136,'2022-12-27 08:54:48.711485','68','There Once Was a Town','[{"added": {}}]',9,1,1);
INSERT INTO django_admin_log VALUES(137,'2022-12-27 09:00:36.009928','69','Train of Life','[{"added": {}}]',9,1,1);
INSERT INTO django_admin_log VALUES(138,'2022-12-27 09:06:56.526545','70','The Warsaw Ghetto','[{"added": {}}]',9,1,1);
CREATE TABLE IF NOT EXISTS "django_content_type" ("id" integer NOT NULL PRIMARY KEY AUTOINCREMENT, "app_label" varchar(100) NOT NULL, "model" varchar(100) NOT NULL);
INSERT INTO django_content_type VALUES(1,'dog_shelters','shelter');
INSERT INTO django_content_type VALUES(2,'dog_shelters','dog');
INSERT INTO django_content_type VALUES(3,'admin','logentry');
INSERT INTO django_content_type VALUES(4,'auth','permission');
INSERT INTO django_content_type VALUES(5,'auth','group');
INSERT INTO django_content_type VALUES(6,'auth','user');
INSERT INTO django_content_type VALUES(7,'contenttypes','contenttype');
INSERT INTO django_content_type VALUES(8,'sessions','session');
INSERT INTO django_content_type VALUES(9,'shoahDDBB','movies');
INSERT INTO django_content_type VALUES(10,'contact','contact');
INSERT INTO django_content_type VALUES(11,'shoahDDBB','commentaries');
CREATE TABLE IF NOT EXISTS "auth_permission" ("id" integer NOT NULL PRIMARY KEY AUTOINCREMENT, "content_type_id" integer NOT NULL REFERENCES "django_content_type" ("id") DEFERRABLE INITIALLY DEFERRED, "codename" varchar(100) NOT NULL, "name" varchar(255) NOT NULL);
INSERT INTO auth_permission VALUES(1,1,'add_shelter','Can add shelter');
INSERT INTO auth_permission VALUES(2,1,'change_shelter','Can change shelter');
INSERT INTO auth_permission VALUES(3,1,'delete_shelter','Can delete shelter');
INSERT INTO auth_permission VALUES(4,1,'view_shelter','Can view shelter');
INSERT INTO auth_permission VALUES(5,2,'add_dog','Can add dog');
INSERT INTO auth_permission VALUES(6,2,'change_dog','Can change dog');
INSERT INTO auth_permission VALUES(7,2,'delete_dog','Can delete dog');
INSERT INTO auth_permission VALUES(8,2,'view_dog','Can view dog');
INSERT INTO auth_permission VALUES(9,3,'add_logentry','Can add log entry');
INSERT INTO auth_permission VALUES(10,3,'change_logentry','Can change log entry');
INSERT INTO auth_permission VALUES(11,3,'delete_logentry','Can delete log entry');
INSERT INTO auth_permission VALUES(12,3,'view_logentry','Can view log entry');
INSERT INTO auth_permission VALUES(13,4,'add_permission','Can add permission');
INSERT INTO auth_permission VALUES(14,4,'change_permission','Can change permission');
INSERT INTO auth_permission VALUES(15,4,'delete_permission','Can delete permission');
INSERT INTO auth_permission VALUES(16,4,'view_permission','Can view permission');
INSERT INTO auth_permission VALUES(17,5,'add_group','Can add group');
INSERT INTO auth_permission VALUES(18,5,'change_group','Can change group');
INSERT INTO auth_permission VALUES(19,5,'delete_group','Can delete group');
INSERT INTO auth_permission VALUES(20,5,'view_group','Can view group');
INSERT INTO auth_permission VALUES(21,6,'add_user','Can add user');
INSERT INTO auth_permission VALUES(22,6,'change_user','Can change user');
INSERT INTO auth_permission VALUES(23,6,'delete_user','Can delete user');
INSERT INTO auth_permission VALUES(24,6,'view_user','Can view user');
INSERT INTO auth_permission VALUES(25,7,'add_contenttype','Can add content type');
INSERT INTO auth_permission VALUES(26,7,'change_contenttype','Can change content type');
INSERT INTO auth_permission VALUES(27,7,'delete_contenttype','Can delete content type');
INSERT INTO auth_permission VALUES(28,7,'view_contenttype','Can view content type');
INSERT INTO auth_permission VALUES(29,8,'add_session','Can add session');
INSERT INTO auth_permission VALUES(30,8,'change_session','Can change session');
INSERT INTO auth_permission VALUES(31,8,'delete_session','Can delete session');
INSERT INTO auth_permission VALUES(32,8,'view_session','Can view session');
INSERT INTO auth_permission VALUES(33,9,'add_movies','Can add movies');
INSERT INTO auth_permission VALUES(34,9,'change_movies','Can change movies');
INSERT INTO auth_permission VALUES(35,9,'delete_movies','Can delete movies');
INSERT INTO auth_permission VALUES(36,9,'view_movies','Can view movies');
INSERT INTO auth_permission VALUES(37,10,'add_contact','Can add contact');
INSERT INTO auth_permission VALUES(38,10,'change_contact','Can change contact');
INSERT INTO auth_permission VALUES(39,10,'delete_contact','Can delete contact');
INSERT INTO auth_permission VALUES(40,10,'view_contact','Can view contact');
INSERT INTO auth_permission VALUES(41,11,'add_commentaries','Can add commentaries');
INSERT INTO auth_permission VALUES(42,11,'change_commentaries','Can change commentaries');
INSERT INTO auth_permission VALUES(43,11,'delete_commentaries','Can delete commentaries');
INSERT INTO auth_permission VALUES(44,11,'view_commentaries','Can view commentaries');
CREATE TABLE IF NOT EXISTS "auth_group" ("id" integer NOT NULL PRIMARY KEY AUTOINCREMENT, "name" varchar(150) NOT NULL UNIQUE);
CREATE TABLE IF NOT EXISTS "auth_user" ("id" integer NOT NULL PRIMARY KEY AUTOINCREMENT, "password" varchar(128) NOT NULL, "last_login" datetime NULL, "is_superuser" bool NOT NULL, "username" varchar(150) NOT NULL UNIQUE, "last_name" varchar(150) NOT NULL, "email" varchar(254) NOT NULL, "is_staff" bool NOT NULL, "is_active" bool NOT NULL, "date_joined" datetime NOT NULL, "first_name" varchar(150) NOT NULL);
INSERT INTO auth_user VALUES(1,'pbkdf2_sha256$320000$pbge0FuMPJTxTSxkzijxsX$YwQsNair1p4dn2nqnoumctcxjlq7SALTtckQ1IjIXYo=','2022-12-27 00:04:34.412928',1,'admin','','admin@example.com',1,1,'2022-07-05 02:37:04.020340','');
INSERT INTO auth_user VALUES(2,'pbkdf2_sha256$320000$DwyUvXo2TdVSIqZLZVA1d5$EMfn/Jc5ZuUpO1MCnPBcP89EcQRwQ5YJJ9fWNmAkswY=','2022-07-05 07:13:29',0,'staffuser','','',1,1,'2022-07-05 02:39:46','');
CREATE TABLE IF NOT EXISTS "django_session" ("session_key" varchar(40) NOT NULL PRIMARY KEY, "session_data" text NOT NULL, "expire_date" datetime NOT NULL);
INSERT INTO django_session VALUES('2d6p5xv6kd6gotgcl1fnym6g69r46bw7','.eJxVjDsOwjAQBe_iGllrr51NKOk5g7X-LA6gRIqTCnF3iJQC2jcz76UCb2sNWytLGLM6K6tOv1vk9CjTDvKdp9us0zytyxj1ruiDNn2dc3leDvfvoHKr35pKIo-9ASRxgycwCCA2ZzLJYew9dh0wo6foxGIRkE5y6hkHZwWMen8AtqM3Cg:1o8ckT:hi9Ld2FraXnIRw084nYm_phqQpSiSM1Da6NLKWgT-yI','2022-07-19 07:13:29.160618');
INSERT INTO django_session VALUES('zn18m65373bpdbt17ri1e8c9pvkhcd4v','.eJxVjMEOwiAQBf-FsyEFAgsevfsNBHZBqgaS0p4a_12a9KDXmXlvZz5sa_FbT4ufiV2ZYJdfFgO-Uj0EPUN9NI6trssc-ZHw03Z-b5Tet7P9Oyihl7EGQmOl1ZBlypCUcyhiAAkTYrJOEQyoBUwmWzVSCkCZSBntJESK7PMF5c04Lg:1oB92n:MSH4k4AB_CouUYVvNg4lzEPLAFEbk9JJDBunY0gtdP4','2022-07-26 06:06:49.713753');
INSERT INTO django_session VALUES('knvi2m55gsacxwcgemu0r5t44nqxee3z','.eJxVjMEOwiAQBf-FsyEFAgsevfsNBHZBqgaS0p4a_12a9KDXmXlvZz5sa_FbT4ufiV2ZYJdfFgO-Uj0EPUN9NI6trssc-ZHw03Z-b5Tet7P9Oyihl7EGQmOl1ZBlypCUcyhiAAkTYrJOEQyoBUwmWzVSCkCZSBntJESK7PMF5c04Lg:1oEgoP:PvAb3rv3B1MIYB23Oo2ir0WFIcRs8d8gm2kkSYjj4fk','2022-08-05 00:46:37.131459');
INSERT INTO django_session VALUES('pd2hmspao4i1lck1d5hogxvn9pmu1m32','eyJzaG9haCI6IjE5MzkifQ:1oHxFf:MC1uVwL5Urh2_HeFuO9aczw3aDbF7dfyv1dfZ14e8WM','2022-08-14 00:56:15.933516');
INSERT INTO django_session VALUES('cm96crgxnobl00s51y4ju0fuls2cyftx','.eJxVjs0OgyAQhN9lz8YIRBc89t5nIMAuxf5IInhq-u7FxIvXb77MzBdKyi7BLIwyHSRXbMifD6-VCea67dyBdXtNdi-82aVBEHBh3oUXr0dAT7c-ch_yWrfF94fSn2np75n4fTvdS0EbbQcAKUxa6hGj5IisjAnCO5Q4hMDaKMIGR4HDFLVqKjmkSKSm0Uj05OH3BzmaQ4I:1oI18Q:xVDqt8NJIxxPHjRLbZbjT7_i0Zcf3fn_7b0L5FlWryY','2022-08-14 05:05:02.875338');
INSERT INTO django_session VALUES('pio81suhl94b756qcksjhppx25vyo7iv','.eJxVjMEOwiAQBf-FsyEFAgsevfsNBHZBqgaS0p4a_12a9KDXmXlvZz5sa_FbT4ufiV2ZYJdfFgO-Uj0EPUN9NI6trssc-ZHw03Z-b5Tet7P9Oyihl7EGQmOl1ZBlypCUcyhiAAkTYrJOEQyoBUwmWzVSCkCZSBntJESK7PMF5c04Lg:1oLyiK:lXeNzlOHhFLe9NcG-5sy3xh1YMgn5ImdQB_vKbOmvsI','2022-08-25 03:18:28.244038');
INSERT INTO django_session VALUES('zcinopsl6iuoeeo7ndm4pkbnjl5ftu23','.eJxVjMEOwiAQBf-FsyEFAgsevfsNBHZBqgaS0p4a_12a9KDXmXlvZz5sa_FbT4ufiV2ZYJdfFgO-Uj0EPUN9NI6trssc-ZHw03Z-b5Tet7P9Oyihl7EGQmOl1ZBlypCUcyhiAAkTYrJOEQyoBUwmWzVSCkCZSBntJESK7PMF5c04Lg:1oStPd:-5a9p1rfKbMkC72xD8l7qRPgKFGsAYODxoy0Cnis_8s','2022-09-13 05:03:45.993306');
INSERT INTO django_session VALUES('hvbmq7lo18ci3kq3kwj3gqcfujgeoqrc','.eJxVjMEOwiAQBf-FsyEFAgsevfsNBHZBqgaS0p4a_12a9KDXmXlvZz5sa_FbT4ufiV2ZYJdfFgO-Uj0EPUN9NI6trssc-ZHw03Z-b5Tet7P9Oyihl7EGQmOl1ZBlypCUcyhiAAkTYrJOEQyoBUwmWzVSCkCZSBntJESK7PMF5c04Lg:1obqHk:hOGOud_umnXPAdkMKPUs-7Wl8sz2zOyoumq5tzvIFkI','2022-10-07 21:32:36.155947');
INSERT INTO django_session VALUES('64d5k8ql9k54c9u26j7fjr7k692330cw','.eJxVjMEOwiAQBf-FsyEFAgsevfsNBHZBqgaS0p4a_12a9KDXmXlvZz5sa_FbT4ufiV2ZYJdfFgO-Uj0EPUN9NI6trssc-ZHw03Z-b5Tet7P9Oyihl7EGQmOl1ZBlypCUcyhiAAkTYrJOEQyoBUwmWzVSCkCZSBntJESK7PMF5c04Lg:1odw9c:fKEH9HW7DbT2PZdVgmMZ2_i2iVqio086hUJraPdSvZQ','2022-10-13 16:12:52.620849');
INSERT INTO django_session VALUES('f63mrmg1kq9v1m156y5fqzz0fk71mb3j','.eJxVjMEOwiAQBf-FsyEFAgsevfsNBHZBqgaS0p4a_12a9KDXmXlvZz5sa_FbT4ufiV2ZYJdfFgO-Uj0EPUN9NI6trssc-ZHw03Z-b5Tet7P9Oyihl7EGQmOl1ZBlypCUcyhiAAkTYrJOEQyoBUwmWzVSCkCZSBntJESK7PMF5c04Lg:1okEn7:umspa4rhqhCTyOCDsx1tSXsaJsNI2b0gYMQkaEUlVyQ','2022-10-31 01:19:41.990484');
INSERT INTO django_session VALUES('xme0r7tlqliu7bcqjo2x7fajlvrc2ein','.eJxVjEEOwiAQRe_C2pCOMAgu3XsGMgODVA1NSrsy3l2bdKHb_977LxVpXWpcu8xxzOqsQB1-N6b0kLaBfKd2m3Sa2jKPrDdF77Tr65Tledndv4NKvX7rgenkLbE4KMVx8E4MY_EYgj1aRnBoEQsNAKm4YpIDG4J4NMGQgFHvD99gN1g:1olLF9:h9BUzWb_14j2j78OJ7BQOCZad5Xm-NUqo-FxTVoQ5FA','2022-11-03 02:25:11.569819');
INSERT INTO django_session VALUES('9hffir5vutilhhrdip859zrw02l3lsnx','.eJxVjMsOwiAURP-FtSE8Chdduu83EC4XpGogKe3K-O9K0oUuZ86ZeTEf9q34vafVL8QuTLLTb4chPlIdgO6h3hqPrW7rgnwo_KCdz43S83q4fwcl9DLWpEQ2qFSiDEkEBKsgnjOSAAtauQG0AnKAmOU3GqOzSXKybtIQ2PsD_S04Dg:1p9xSM:N8r44a6NWMUo_tfR8EBOQgwX3ma_4qqUwZh-oXu6Feo','2023-01-10 00:04:34.416918');
CREATE TABLE IF NOT EXISTS "dog_shelters_dog" ("id" integer NOT NULL PRIMARY KEY AUTOINCREMENT, "name" varchar(200) NOT NULL, "intake_date" datetime NOT NULL, "shelter_id" integer NOT NULL REFERENCES "dog_shelters_shelter" ("id") DEFERRABLE INITIALLY DEFERRED, "description" text NOT NULL);
INSERT INTO dog_shelters_dog VALUES(1,'Gumer','2022-07-05 07:09:01.147697',1,'Mi perra amada');
INSERT INTO dog_shelters_dog VALUES(2,'Laika','2022-07-05 07:09:32.280659',1,'Heroína de la raza canina.');
INSERT INTO dog_shelters_dog VALUES(3,'Pulgas','2022-07-12 06:37:31.416624',1,'Mi primer perrito bello.');
INSERT INTO dog_shelters_dog VALUES(4,'Sansa','2022-07-12 06:47:26.123620',1,'Lindo perro collie abandonado');
CREATE TABLE IF NOT EXISTS "dog_shelters_shelter" ("name" varchar(200) NOT NULL, "location" varchar(200) NOT NULL, "id" integer NOT NULL PRIMARY KEY AUTOINCREMENT);
INSERT INTO dog_shelters_shelter VALUES('Santa Mónica','California',1);
INSERT INTO dog_shelters_shelter VALUES('Contoso','Redmond, WA',2);
CREATE TABLE IF NOT EXISTS "contact_contact" ("id" integer NOT NULL PRIMARY KEY AUTOINCREMENT, "email" varchar(254) NOT NULL, "subject" varchar(255) NOT NULL, "message" text NOT NULL);
INSERT INTO contact_contact VALUES(1,'alb.saenz@gmail.com','Primer registro','Primer reistro mediante aplicación de contacto');
INSERT INTO contact_contact VALUES(2,'alb.saenz@outlook.es','Segundo registro','Segundo registro mediante formulario de contacto');
INSERT INTO contact_contact VALUES(3,'alb.saenz@outlook.es','Segundo registro','Segundo registro mediante formulario de contacto');
INSERT INTO contact_contact VALUES(4,'alb.saenz@outlook.es','Consulta no de.js','el que sea');
INSERT INTO contact_contact VALUES(5,'dsaenz@hospedajesexpress.com','Account','bla bla');
INSERT INTO contact_contact VALUES(6,'contacto@albertosaenz.com','Webmail test','Testing the contact form');
CREATE TABLE IF NOT EXISTS "shoahDDBB_movies" ("id" integer NOT NULL PRIMARY KEY AUTOINCREMENT, "mov_name" varchar(100) NOT NULL, "mov_year" varchar(4) NOT NULL, "mov_country" varchar(30) NOT NULL, "mov_director" varchar(100) NOT NULL, "mov_language" varchar(20) NOT NULL, "mov_overview" text NOT NULL, "url_movie" varchar(100) NOT NULL, "mov_poster" varchar(100) NOT NULL, "mov_streaming" varchar(100) NOT NULL, "mov_rating" varchar(10) NOT NULL, "url_trailer" varchar(100) NOT NULL);
INSERT INTO shoahDDBB_movies VALUES(1,'Anne Frank Remembered','1995','US','Jon Blair','English','Using previously unreleased archival material in addition to contemporary interviews, this academy award-winning documentary tells the story of the Frank family and presents the first fully-rounded portrait of their brash and free-spirited daughter Anne, perhaps the world''s most famous victim of the Holocaust. Written by Dawn M. Barclift','https://www.imdb.com/video/vi62325017/?ref_=tt_vi_i_1','https://www.themoviedb.org/t/p/w220_and_h330_face/6nyhzrSGimCbdxiY8DEO7kI7xx4.jpg','https://amzn.to/3PRpiPu','PG','https://www.youtube.com/embed/HFMnh-n7U7w');
INSERT INTO shoahDDBB_movies VALUES(2,'Anne Frank: The Whole Story','2001','UK / Czech / USA','Robert Dornhelm','English, German, Fre',replace(replace('Ben Kingsley, Brenda Blethyn, and Hannah Taylor Gordon star in the\r\nstirring tale of one of the most influential young women of the 20th\r\ncentury. Based on Melissa Muller’s critically acclaimed book, Anne\r\nFrank goes beyond the story you already know and paints the true\r\nportrait of Anne both before and after she went into hiding. Get to\r\nknow the high-spirited and popular girl before the war, and experience\r\nthe challenges of the brave people who risked their lives trying to\r\nkeep her safe. Anne Frank also explores the enduring mystery of who\r\nbetrayed the Frank family and reveals what happened next.','\r',char(13)),'\n',char(10)),'https://www.imdb.com/title/tt0246430/','https://upload.wikimedia.org/wikipedia/en/1/11/Anne_Frank_The_Whole_Story.jpg','https://shorturl.at/ilmE5','Unrated','https://www.youtube.com/embed/c25oZQrnXwc');
INSERT INTO shoahDDBB_movies VALUES(3,'A Day in October','1992','US','Kenneth Madsen','Danish',replace(replace('This film details the movement of Danish Jews\r\nout of Denmark to neutral Sweden in the 1940’s. The story is seen\r\nthrough the eyes of a single family and tells of their involvement with\r\nthe underground. The story also traces their own, initially reluctant,\r\nparticipation in sabotaging a munitions plant, and their daughter’s\r\naffection for one of the movement’s leaders.','\r',char(13)),'\n',char(10)),'https://www.themoviedb.org/movie/309796-en-dag-i-oktober','https://www.themoviedb.org/t/p/w220_and_h330_face/nYG5yFtBw3UFW7giOLRv50DXxkx.jpg','https://www.amazon.com/Day-October-DB-Sweeney/dp/B08JPNJYFV','PG-13','https://www.youtube.com/embed/S5-sADiFOJE');
INSERT INTO shoahDDBB_movies VALUES(4,'A Film Unfinished','2010','US','Yael Hersonski','Hebrew','Yael Hersonski’s powerful documentary achieves a remarkable feat through its penetrating look at another film-the now-infamous Nazi-produced film about the Warsaw Ghetto. Discovered after the war, the unfinished work, with no soundtrack, quickly became a resource for historians seeking an authentic record, despite its elaborate propagandistic construction. The later discovery of a long-missing reel complicated earlier readings, showing the manipulations of camera crews in these “everyday” scenes. Well-heeled Jews attending elegant dinners and theatricals (while callously stepping over the dead bodies of compatriots) now appeared as unwilling, but complicit, actors, alternately fearful and in denial of their looming fate.','https://www.themoviedb.org/movie/58772-shtikat-haarchion','https://www.themoviedb.org/t/p/w220_and_h330_face/oLGoMq0a6yNsvWgxzKCOidT8ISe.jpg','https://shorturl.at/elpJK','R','https://www.youtube.com/embed/5Z7egcyAdbk');
INSERT INTO shoahDDBB_movies VALUES(5,'Amen','2002','US','Costa-Gavras','French',replace(replace('The collective crimes against humanity known as the Holocaust have been well-documented since the end of World War II, but lingering questions remain about how much was known about the Nazi mass-extermination schemes outside Germany, and what could have been done to prevent them. Political filmmaker CostaGavras confronts this thorny issue in this film, adapted from the stage drama “The Representative” and based in part on actual events. Kurt Gerstein is a German chemist whose work on various government health projects leads to him being added to the scientific staff of the Nazi SS. While working on disinfection and water purification programs to stem the tide of typhoid among German troops, Gerstein creates a toxic cleanser called Zyclon B. Gerstein soon learns that the SS has found a different use for Zyclon B; in gas form, it is being used to exterminate Jews and other political undesirables en masse. Gerstein, a man of strong Christian faith, is horrified by this revelation, and is determined to tell the world in hope of stopping the genocide; however, in Germany, Sweden, and the United States, Gerstein’s story falls on deaf ears.\r\nOne man who does believe Gerstein is Riccardo Fontana, a Jesuit with ties to the Vatican and close contact with Pope Pius XII. Fontana urges the Pope to speak out against the ongoing massacre, but the Pope declines, believing Russia is a greater menace to the Catholic Church than the Nazis. In time, desperate to spread the word of the Holocaust,','\r',char(13)),'\n',char(10)),'https://www.themoviedb.org/movie/9045-amen','https://www.themoviedb.org/t/p/w220_and_h330_face/woW1PwVGukwbhOPghyvHlotfjnl.jpg','https://shar.es/afroQf','PG','https://www.youtube.com/embed/ZRpdAXEiIPU');
INSERT INTO shoahDDBB_movies VALUES(6,'Auschwitz: Inside the Nazi State','2005','UK','Laurence Rees','English','This six-part series tells the story of the Auschwitz Death Camp, site of the largest mass murder in the history of the world. Writer Laurence Rees and his team interviewed over 100 eyewitnesses, including former Nazi perpetrators who speak on the record for the first time. Their story is brought to life through the innovative use of archived footage, dramatic recreations of key moments, computer reconstructions based on recently discovered plans of the camp, and their extraordinary testimony. This will be the definitive television history of Auschwitz and the Nazi State.','https://www.themoviedb.org/tv/7361-auschwitz-the-nazis-and-the-final-solution','https://www.themoviedb.org/t/p/w220_and_h330_face/vJUC3xMCs4K69JDU5LIZ0j3KDES.jpg','https://shorturl.at/goFZ1','PG','https://www.youtube.com/embed/Tg-aLaz0u84');
INSERT INTO shoahDDBB_movies VALUES(7,'Blind Spot: Hitler''s Secretary','2002','US','Othmar Schmiderer','German',replace(replace('Blind Spot: Hitler’s Secretary is a feature-length interview with 81-year-old Austrian Traudl Junge, who served as Hitler’s personal secretary from 1942 to 1945, when she was in her early twenties. She saw Hitler in his everyday life, right up until his final days, and she witnessed, firsthand, the collapse of the Nazi regime. After the war, Junge was “de-Nazified” by Allied forces as part of a program of amnesty for young people. She remained silent about her experiences for nearly 60 years, until she agreed to be interviewed by artist Andre Heller, whose own Jewish father escaped Austria as the Nazis came to power.\r\nHeller and documentarian Othmar Schmiderer edited ten hours of interview footage into the 90-minute film, which uses no archival footage, photos, or background music. It’s just Junge describing her experiences on camera and occasionally watching the video playback of herself as she describes those experiences. Junge denies any real knowledge or understanding of what the Nazis were doing while she worked for them. She discusses how she was taken in by Hitler, who seemed fatherly and kind. She describes his personality. She goes into harrowing detail about the last days in the bunker.','\r',char(13)),'\n',char(10)),'https://www.themoviedb.org/movie/9082-im-toten-winkel-hitlers-sekret-rin','https://www.themoviedb.org/t/p/w220_and_h330_face/zNBGZF6PFe04NeBgYtMIwlfFNR4.jpg','https://shorturl.at/vBTV8','PG','https://www.youtube.com/embed/h5igDo-KJJo');
INSERT INTO shoahDDBB_movies VALUES(8,'The Boy in the Striped Pyjamas','2008','US','Mark Herman','English','Young Bruno lives a wealthy lifestyle in prewar Germany along with his mother, elder sister, and SS Commandant father. The family relocates to the countryside where his father is assigned to take command a prison camp. A few days later, Bruno befriends another youth, strangely dressed in striped pajamas, named Shmuel who lives behind an electrified fence. Bruno will soon find out that he is not permitted to befriend his new friend as he is a Jew, and that the neighboring yard is actually a prison camp for Jews awaiting extermination.','https://www.themoviedb.org/movie/14574-the-boy-in-the-striped-pyjamas','https://www.themoviedb.org/t/p/w220_and_h330_face/7DIymYuF7rkzI12IpRZ4oUMO2wA.jpg','https://shorturl.at/gosV7','PG-13','https://www.youtube.com/embed/9ypMp0s5Hiw');
INSERT INTO shoahDDBB_movies VALUES(9,'The Boys From Brazil','1978','US','Franklin J. Schaffner','English','Barry Kohler, a young Nazi hunter, tracks down a group of SS officers meeting in Paraguay in the late 1970s. The Nazis, led by Dr. Mengele, are planning something. Old Nazi hunter, Ezra Lieberman, is at first uninterested in Kohler’s findings. But when he is told something of their plan, he is eager to find out more. Lieberman visits several homes around Europe in order to uncover the Nazi plot. It is at one of these houses he notices something strange, which turns out to be a horrible discovery.','https://www.themoviedb.org/movie/16241-the-boys-from-brazil','https://www.themoviedb.org/t/p/w220_and_h330_face/6r5htafcbP2EUNvn2Jv5qPFMJDi.jpg','https://shorturl.at/aFQTW','R','https://www.youtube.com/embed/jPvE8oRei70');
INSERT INTO shoahDDBB_movies VALUES(10,'Call to Remember','1997','US','Jack Bender','English','A Call To Remember is a made for cable drama about the continuing struggles of Holocaust survivors and the burden placed on the children of survivors. Mr. and Mrs. Tobias, both Holocaust survivors who lost spouses and children in concentration camps, alienate their children by refusing to discuss their Holocaust experiences or their lives before the war. When a mistaken call leads Mrs. Tobias to believe that her son, whom she thought had been killed long ago by the Nazi’s, is still alive, Mrs. Tobias struggles through a deep depression and attempted suicide. Ultimately, as the family rallies around Mrs. Tobias, they grow closer. Mr. and Mrs. Tobias begin to understand the importance of sharing their past with their sons, David and Ben.','https://www.themoviedb.org/movie/221873-a-call-to-remember','https://m.media-amazon.com/images/M/MV5BMTUzNDkzMjk5M15BMl5BanBnXkFtZTcwOTI3NzkyMQ@@._V1_FMjpg_UX100','','R','https://www.youtube.com/embed/mekrbK6EDC0');
INSERT INTO shoahDDBB_movies VALUES(11,'Confessions of a Hitler Youth','1991','US','Arthur Holch','English, German','A documentary special focusing on the true story of an impressionable 10-year-old boy who became a high-ranking member of the Hitler youth movement during World War II, as told in his own words.','https://www.themoviedb.org/movie/282909-heil-hitler-confessions-of-a-hitler-youth','https://weimarandnazigermany.co.uk/wp-content/uploads/2013/10/hitleryouth.jpg','','PG','https://www.youtube.com/embed/JJ6umV7CVY8');
INSERT INTO shoahDDBB_movies VALUES(12,'Defiance','2018','US','Edward Zwick','English',replace(replace('On the run and hiding in the deep forests of the then German occupied Poland and Belorussia (World War II), the three Bielski brothers find the impossible task of foraging for food and weapons for their survival. They live, not only with the fear of discovery, but also, contending with neighboring Soviet partisans and knowing whom to trust. They also take the responsibility of looking after a large mass of fleeing Polish Jews from the German war machine. Women, men, children, the elderly and the young alike are all hiding in makeshift homes in the dark, cold and unforgiving forests in the darkest times of\r\nGerman occupied Eastern Europe.','\r',char(13)),'\n',char(10)),'https://www.themoviedb.org/movie/13813-defiance','https://www.themoviedb.org/t/p/w220_and_h330_face/b1xn65gjQmFbnxuR4ZzoMKWRsJk.jpg','https://amzn.to/3Aq0fwP','R','https://www.youtube.com/embed/n-9eUXSzZNk');
INSERT INTO shoahDDBB_movies VALUES(13,'The Devil’s Arithmetic','1999','US','Donna Deitch','English','Based on the popular novel by Jane Yolen, a typical American teenager gets transported back in time and experiences firsthand the horrors of the Holocaust and discovers the meaning of her family’s heritage.','https://www.themoviedb.org/movie/22509-the-devil-s-arithmetic','https://www.themoviedb.org/t/p/w220_and_h330_face/bXLhTLeAHDp8UQPQkcvOnClqcL.jpg','https://amzn.to/3waJpzt','PG','https://www.youtube.com/embed/kl11PqoaRtU');
INSERT INTO shoahDDBB_movies VALUES(14,'The Diary of Anne Frank','1959','US','George Stevens','English',replace(replace('Based on Anne Frank’s diary, and the stage play that was adapted from\r\nit: In Nazi-occupied Holland, Otto Frank and his family have decided\r\nto go into hiding, because of the increasing persecutions against Jews.\r\nThe businessman Kraler and his assistant Miep prepare a hiding place\r\nin the rooms above their place of business, and arrange for the Franks\r\nand another family, the Van Daans, to stay there. Later on, they are\r\njoined by the dentist Dussel. Together, they try to avoid detection while\r\nhoping for Holland to be liberated by the Allies, but even meeting basic\r\nneeds can become a challenge, and even minor incidents could present\r\na grave risk.','\r',char(13)),'\n',char(10)),'https://www.themoviedb.org/movie/2576-the-diary-of-anne-frank','https://www.themoviedb.org/t/p/w220_and_h330_face/jjbhG1lRPld967T0oIFqC9OXDnG.jpg','https://amzn.to/3c3R7EK','Unrated','https://www.youtube.com/embed/nLCooqzoFtA');
INSERT INTO shoahDDBB_movies VALUES(15,'Divided We Fall','2001','CZ','Petr Jarchovský','Czech',replace(replace('Beginning in 1933, with a quick fast forward to 1944, “Divided We Fall” revolves around a Czech couple living in a small Czech town. Until they find David, a Jewish neighbor who had recently escaped from a concentration camp at Theresiendstadt, Josef and Marie Crzek are absorbed in their sad, childless family. Despite concerns over their nosy friend Horst who is a Nazi loyalist, the Crzek’s create a hideout for David in their pantry. Josef takes a job with the Nazis in order to help cover up their hiding of David. This job causes the Crzek to be hated by their Czech neighbors. The Czreks and David experience a series of close calls that result in humorous and poignant moments throughout his two-year stay. When a high- ranking Nazi official tries to take up residence with Josef and Marie, Marie lies and tells the official she is pregnant and unable to offer him hospitality. Josef then demands that Marie and David create this baby in order to save their lives from the Nazis (Josef is sterile). The baby is born in the midst of the liberation of the Czech village. As Josef looks for a doctor for his laboring wife he is forced to admit he has been hiding David for the past two years. \r\n\r\nSpecial considerations: This movie is useful in that it deals more in the complex relationships between everyone affected by the Nazi occupation, and less in the blood and gore of the concentration camps. Watching the whole or parts of this movie would be helpful for any\r\nteacher who wanted to talk with students about the consuming nature of the Nazi regime and the notion of bystanders. The final scene, which includes the Crzeks, David, Horst, and a Czech neighbor, paints a perfect picture of the complexity of the relationships that arise in the midst of the chaos and stress of the Nazi occupation.','\r',char(13)),'\n',char(10)),'https://www.themoviedb.org/movie/29937-mus-me-si-pom-hat','https://www.themoviedb.org/t/p/w220_and_h330_face/6mKiT1zyUHHSCUm1hfZVe4RUhjV.jpg','https://amzn.to/3SUZMd7','Unrated','https://www.youtube.com/embed/XAYjBHUIS7A');
INSERT INTO shoahDDBB_movies VALUES(16,'Europa Europa','1990','US','Agnieszka Holland','German','A Jewish boy separated from his family in the early days of WWII poses as a German orphan and is taken into the heart of the Nazi world as a ‘war hero’ and eventually becomes a Hitler Youth. Although improbabilities and happenstance are cornerstones of the film, it is based upon a true story.','https://www.themoviedb.org/movie/8996-europa-europa','https://www.themoviedb.org/t/p/w220_and_h330_face/oynyj8FoJpLWzZkLrj42WGhje6v.jpg','https://shorturl.at/bsGQR','R','https://www.youtube.com/embed/JqMBNCo7LPE');
INSERT INTO shoahDDBB_movies VALUES(17,'Everything is Illuminated','2005','US','Liev Schreiber','English',replace(replace('Based on the critically-acclaimed novel by Jonathan Safran Foer, “Everything is Illuminated” tells the story of a young man’s quest to find the woman who saved his grandfather in a small Ukrainian town that was wiped off the map by the Nazi invasion. What starts out as a journey to piece together one family’s story under absurd circumstances turns into a meaningful journey with a powerful series of revelations -- the importance of remembrance, the perilous nature of secrets, the legacy\r\nof the Holocaust, and the meaning of friendship. He has a photograph and the name of a village. He hires the Odessa Heritage Tours, made up of a gruff old man and his English-speaking grandson. The three, plus grandfather’s deranged dog, travel in an old car from Odessa into Ukraine’s heart. Jonathan, the American, is a collector, putting things he finds into small plastic bags, so he will remember. Alex, the interpreter, is an archetypal wild and crazy guy. Alex asks the old man, “Was there anti-Semitism in the Ukraine before the war?” Will they find the village? The past illuminates everything.','\r',char(13)),'\n',char(10)),'https://www.themoviedb.org/movie/340-everything-is-illuminated','https://www.themoviedb.org/t/p/w220_and_h330_face/cefMztM5prVLUvoo9wMVraZoIfm.jpg','https://amzn.to/3QN0OGn','PG-13','https://www.youtube.com/embed/tSUOYY4oukc');
INSERT INTO shoahDDBB_movies VALUES(18,'The Garden of the Finzi-Continis','1970','US','Vittorio De Sica','Italian','In the late 1930s, in Ferrara, Italy, the FinziContini are one of the leading families- they are wealthy, aristocratic, urbane, and also Jewish. Their adult children, Micol and Alberto, gather a circle of friends for constant rounds of tennis and parties at their villa with its lovely grounds, keeping the rest of the world at bay. Into the circle steps Giorgio, a Jew from the middle class who falls in love with Micol. She seems to toy with him, and even makes love to one of his friends while she knows Giorgio is watching. While his love cannot seem mto break through to her to draw her out of her garden idyll, the forces of politics close in.','https://www.themoviedb.org/movie/4789-il-giardino-dei-finzi-contini','https://www.themoviedb.org/t/p/w220_and_h330_face/1X9kYcsKvoI3jwINGYT3psebxgN.jpg','https://amzn.to/3A6yvvB','R','https://www.youtube.com/embed/vrxXlYuv3Qs');
INSERT INTO shoahDDBB_movies VALUES(19,'God on Trial','2008','US','Andy de Emmony','English','“God on Trial” is a 2008 BBC/WGBH Boston television play written by Frank Cottrell Boyce, starring Antony Sher, Rupert Graves and Jack Shepherd. The play takes places in Auschwitz during World War II. The Jewish prisoners put God on trial in absentia for abandoning the Jewish people. The question is if God has broken his covenant with the Jewish people by allowing the Nazis to commit genocide. The play is based on an event described by Elie Wiesel in his book The Trial of God, though Boyce describes this tale as “apocryphal”. According to Boyce, producer Mark Redhead “had been trying to turn the story into a film for almost 20 years by the time he called me in 2005 to write the screenplay.”','https://www.themoviedb.org/movie/31890-god-on-trial','https://www.themoviedb.org/t/p/w220_and_h330_face/yj4W4pNCYiXDer2NxfIUp4ahTvl.jpg','https://shorturl.at/cdnT0','PG','https://www.youtube.com/embed/0W9uRPuo7hc');
INSERT INTO shoahDDBB_movies VALUES(20,'Good Evening, Mr. Wallenberg','1990','SE','Kjell Grede','Swedish','Swedish national Raoul Wallenberg, newcomer to politics and international machinations, travels to German-occupied Budapest during WWII in order to effectively intervene in the fate of trapped Hungarian Jews, by providing them with safe passage to Sweden. Based on a true story.','https://www.themoviedb.org/movie/80849-god-afton-herr-wallenberg','https://www.themoviedb.org/t/p/w220_and_h330_face/aa3YAm0HOqay1xJwZ6U0ZZdqIo7.jpg','','PG','https://www.youtube.com/embed/kJNASGlGlEs');
INSERT INTO shoahDDBB_movies VALUES(21,'The Grey Zone','2001','US','Tim Blake Nelson','English',replace(replace('The film centers on the sonderkommandos: Jewish concentration camp prisoners whose job it was to herd their fellow Jews into the gas chamber, and to dispose of the bodies following the execution. In return, these prisoners received food and a little more time before their own executions.As the sonderkommandos struggle to orchestrate what would be the onlyarmed insurrection in Auschwitz, a group of them discover a 14-year-old girl who somehow survived the gas chamber. The girl becomes a symbol for their own spiritual salvation and they become obsessed with keeping the girl alive, even if it endangers the uprising that could save thousands.\r\n\r\nSpecial considerations: Uprising against the Nazis, Personal toll of survival, Moral dilemma of being a sonderkommando.','\r',char(13)),'\n',char(10)),'https://www.themoviedb.org/movie/15192-the-grey-zone','https://www.themoviedb.org/t/p/w220_and_h330_face/9xnwr13VToKlpq2q4bgnFGX1I03.jpg','https://amzn.to/3A35mBI','PG-13','https://www.youtube.com/embed/uGlfF3tDtaQ');
INSERT INTO shoahDDBB_movies VALUES(22,'Heritage: Civilization and the Jews','1984','US / Canada','Abba Eban','English','Swedish national Raoul Wallenberg, newcomer to politics and international machinations, travels to German-occupied Budapest during WWII in order to effectively intervene in the fate of trapped Hungarian Jews, by providing them with safe passage to Sweden. Based on a true story.','https://www.imdb.com/title/tt0205623/','https://img.yumpu.com/33806660/1/500x640/heritage-civilization-and-the-jews-pbs.jpg','https://shorturl.at/giorB','Unrated','https://www.youtube.com/embed/z-FuI8iKQBA');
INSERT INTO shoahDDBB_movies VALUES(23,'Imaginary Witness: Hollywood and the Holocaust','2004','US','Daniel Anker','English','The history of Hollywood’s handling of the Nazis and its later depiction of the Holocaust they perpetrated.','https://www.themoviedb.org/movie/106599-imaginary-witness-hollywood-and-the-holocaust','https://upload.wikimedia.org/wikipedia/en/0/03/ImaginaryWitness.jpg','','Unrated','https://www.youtube.com/embed/NAgLtIcGU0E');
INSERT INTO shoahDDBB_movies VALUES(24,'Incident at Vichy','2016','US','Michael Wilson','English','Presented for television by the Broadway Theatre Archives, this adaptation of Arthur Miller’s powerful play explores whether individuals have a duty to speak out against evil -- in this case, the atrocities committed by the Nazis. The story centers on a group of Jewish detainees awaiting interrogation at the hands of S.S. officers during the height of World War II. Rene Auberjonois, Harris Yulin and Richard Jordan star. Arthur Miller’s play, “Incident at Vichy”, is brought to life by director Stacy Keach (the actor) in this television adaptation. In Nazi-occupied France, an Austrian Prince reflects on his complicity in letting the Nazis take power, while a group of detained Jews in the next room hope that their false identification papers are not discovered.','https://www.themoviedb.org/movie/590288-incident-at-vichy','https://www.themoviedb.org/t/p/w220_and_h330_face/bFfgz3oQESBcvnNU1iMv07qXbsZ.jpg','https://shorturl.at/DLNO7','PG','https://www.youtube.com/embed/vvZ6hFDnpq4');
INSERT INTO shoahDDBB_movies VALUES(25,'Into the Arms of Strangers: Stories of the Kindertransport','2000','US','Director, Writer','English',replace(replace('This film chronicles the kindertransport, which saved the lives of 10,000 Jewish children. In the late 1930s, England agreed to accept these children seeking refuge from Nazi oppression. They were placed in foster homes and hostels. This devastating and deeply moving film bears witness to the kindness of these “simply wonderful people” and to the resilience of the kinder, now\r\nelderly, who recall in haunting stories the unimaginable grief\r\nof being suddenly torn from their parents, the trauma of not knowing whether they would ever see them again, and the difficulties some faced in their new homes. Recalls one, “None of the foster parents with whom I stayed could stand me for very long. But all of them had the grace to take in a Jewish child.” But despite having their youth uprooted, many possess an indomitable spirit. One woman speaks of devoting her adult life to human rights and social justice causes. “I can’t pay back or thank some of the people who helped me,” she states, “But I can do something for other people.”','\r',char(13)),'\n',char(10)),'https://www.themoviedb.org/movie/58062-into-the-arms-of-strangers-stories-of-the-kindertransport','https://www.themoviedb.org/t/p/w220_and_h330_face/4ECP8ntp49Wd2PosbJyEuv0zfsz.jpg','https://amzn.to/3QQcpnX','PG','https://www.youtube.com/embed/J6asjV9r41s');
INSERT INTO shoahDDBB_movies VALUES(26,'Jacob the Liar','1999','US','Peter Kassovitz','English','Jakob Heym eavesdrops on a German radio broadcast announcing the Soviet Army is making slow by steady progress towards central Europe. In order to keep his companion in misfortune, Mischa, from risking his life for a few potatoes, he tells him what he heard and announces that he is in possession of a radio - in the ghetto a crime punishable by death. It doesn’t take long for word of Jakob’s secret to spread - suddenly, there is new hope and something to live for - and so Jakob finds himself in the uncomfortable position of having to come up with more and more stories.','https://www.themoviedb.org/movie/2290-jakob-the-liar','https://www.themoviedb.org/t/p/w220_and_h330_face/djpm1Va3XDRYubtAtUV9ArX4FOE.jpg','https://amzn.to/3zWnTQ4','PG-13','https://www.youtube.com/embed/ku6-0kdavww');
INSERT INTO shoahDDBB_movies VALUES(27,'Judgment at Nuremberg','1961','US','Stanley Kramer','English','A classic movie first produced in the 1960’s. It has been three years since the most important Nazi leaders have already been tried. This trial is about 4 Judges who used their offices to conduct Nazi sterilization and cleansing policies. Retired American Judge, Judge Dan Haywood has a daunting task ahead of him. The Cold War is heating up and no one wants any more trials as Germany, and Allied Governments, want to forget the past. But is that thhe right thing to do? This is the question that the tribunal must decide.','https://www.themoviedb.org/movie/821-judgment-at-nuremberg','https://www.themoviedb.org/t/p/w220_and_h330_face/3rc04H05lXTHyMFeH7v5GWCkBy4.jpg','https://amzn.to/3K5M2Z1','Unrated','https://www.youtube.com/embed/HFJ65Sr-Sho');
INSERT INTO shoahDDBB_movies VALUES(28,'The Last Days','1998','US','James Moll','English',replace(replace('In late 1944, at great cost while Germany was losing the war, Adolph Hitler brought the Holocaust to Hungary. In one of the last centers of Jewish culture, the Nazis deported and killed 425,000 people in just sixty days. We hear the haunting accounts of five survivors, as theyrecall their experience in the “cleansing” of Hungary. \r\n\r\nSpecial considerations: Brutal personal stories may be difficult for younger audiences, or even teenage and adult ones.','\r',char(13)),'\n',char(10)),'https://www.themoviedb.org/movie/20595-the-last-days','https://www.themoviedb.org/t/p/w220_and_h330_face/6sQo7ezsKc1iNuzNJLDOfZS7oTG.jpg','https://shorturl.at/bdAUV','PG-13','https://www.youtube.com/embed/Ih74YeYRtHc');
INSERT INTO shoahDDBB_movies VALUES(29,'Life Is Beautiful','1997','US','Roberto Benigni','Italian',replace(replace('“Life if Beautiful” is the story of Guido, a Jewish Italian man pursuing his dreams of marriage and business. His dreams come true when he meets and marries Dora, has a family and opens a bookstore. As soon as his dreams are realized his business is destroyed and his family is\r\nsent to a concentration camp only three months before the end of the war. Guido helps his son survive the horrors of the Holocaust by making a game out of their day to day lives. The winner of his game, Guido says, wins a tank. \r\n\r\nSpecial considerations: Italian, with English subtitles, especially well-suited to younger audiences because it is absent graphic sex and violence.','\r',char(13)),'\n',char(10)),'https://www.themoviedb.org/movie/637-la-vita-bella','https://www.themoviedb.org/t/p/w220_and_h330_face/mfnkSeeVOBVheuyn2lo4tfmOPQb.jpg','https://amzn.to/3A8hm53','PG-13','https://www.youtube.com/embed/pAYEQP8gx3w');
INSERT INTO shoahDDBB_movies VALUES(30,'The Longest Hatred: The History of Anti-Semitism','1991','UK','Rex Bloomstein','English',replace(replace('Why can’t Jews, Arabs, and Palestinians coexist? The answers are deep-rooted, complex, and fully detailed in this stunning history of Jewish persecution. ‘’They are the other. They are not us.’’ Throughout time, words such as these have been used to justify and vilify. The Longest Hatred takes an unsparing look at the ways such words have shaped the experience of Jewish people in this a revealing history of anti-Semitism, a hatred with roots long before the Holocaust and enduring intensity that\r\ncontinues to erupt in the violent conflicts of today.\r\nPart One, From the Cross to the Swastika, traces an image that begins with the earliest writings of Christianity, which leveled the charge that Jews were responsible for Jesus’ death. In this segment,\r\nhistorians show how demonizing dogma has affected Jews through the centuries–in Italy, Spain, England, and Germany–reaching its zenith with the development of Nazi ideology','\r',char(13)),'\n',char(10)),'https://www.imdb.com/title/tt0229537/?ref_=nv_sr_srsg_0','https://m.media-amazon.com/images/I/51FJ1C4TKTL._SY445_.jpg','','PG','');
INSERT INTO shoahDDBB_movies VALUES(31,'The Long Way Home','1997','US','Mark Jonathan Harris','English',replace(replace('The struggles of European Jews during WWII have been well mdocumented, but this film (produced with the cooperation of the Simon Weisenthal Center) makes it clear that the ordeal of those who suffered during the Holocaust did not end with the liberation of Europe. This movie uses interviews with Holocaust survivors, newsreel footage, and readings of letters, journals, and news reports, to tell the story of the hardships faced by those freed from concentration camps in 1945. Often riddled with disease, suffering from malnutrition, and remorseful over having survived while their loved ones perished, many survivors soon discovered that they no longer had homes to return to, and many\r\nEuropean nations, struggling with their own post-war poverty, would not accept the refugees. Some found themselves in Displaced Persons camps, which were often only marginally better than the camps from which they had been freed, while others attempted to flee to Palestine,\r\nover the objections of the British government, who then held the territory as a colony. The establishment of the Zionist state of Israel was widely seen as the best solution to bring dignity, self-determination, and a homeland back to the refugees, but the notion was widely opposed at first, particularly by the British government.','\r',char(13)),'\n',char(10)),'https://www.themoviedb.org/movie/113290-the-long-way-home','https://www.themoviedb.org/t/p/w220_and_h330_face/inb3aRpo10mOpGxBzwE0v1OF53c.jpg','https://amzn.to/3Pv4ETy','PG','https://www.youtube.com/embed/pv9sWCfIYBM');
INSERT INTO shoahDDBB_movies VALUES(32,'The Man in the Glass Booth','1917','US','Arthur Hiller','English','Arthur Goldman is Jewish and a Nazi death camp survivor. Now a rich industrialist, he lives in luxury in a Manhattan high-rise. He banters with his assistant Charlie, often shocking him with his outrageousness and irreverence about aspects of Jewish life. One day, Israeli secret agents burst in and kidnap Goldman and take him to Israel for trial on charges of being a Nazi war criminal. Goldman’s trial forces his accusers to face not only his presumed guilt, but their own as well. At the end it appears that Goldman falsified the dental records, which the Israelis used to identify him in order to bring about the trial. When the deception is revealed by the Israeli prosecutor, Goldman is left standing in the trial court’s bulletproof glass box, a broken man, and dies. The plot was inspired by actual events surrounding the kidnapping and trial of Adolf Eichmann.','https://www.themoviedb.org/movie/48364-the-man-in-the-glass-booth','https://www.themoviedb.org/t/p/w220_and_h330_face/zpVm0apt39calIKlJsIAG9Iiu9o.jpg','https://shorturl.at/djmxz','PG','https://www.youtube.com/embed/2fIe_TeKtQw');
INSERT INTO shoahDDBB_movies VALUES(33,'My Knees were Jumping: Remembering the Kindertransports','1996','US','Melissa Hacker','English','During WW II, between 1938 and 1939, Allied forces launched a courageous rescue mission to save 10,000 children from certain death in the concentration camps. This documentary looks at what happened to these salvaged children. This film uses interviews with survivors and rescuers, archival footage, and old photographs.','https://www.themoviedb.org/movie/536806-my-knees-were-jumping-remembering-the-kindertransports','https://m.media-amazon.com/images/M/MV5BMTI4MjIwNDY5MV5BMl5BanBnXkFtZTcwOTc2NjQyMQ@@._V1_.jpg','https://amzn.to/3wdpoIu','Unrated','');
INSERT INTO shoahDDBB_movies VALUES(34,'The Nazi Officer''s Wife:','2003','US','Liz Garbus','English',replace(replace('Edith Hahn was an outspoken young woman in Vienna when the Gestapo forced her into a ghetto and then into a labor camp. When she returned home months later, she knew she would become a hunted\r\nwoman and went underground. With the help of a Christian friend, she emerged in Munich as Grete Denner. There she met Werner Vetter, a Nazi Party member who fell in love with her. Despite Edith’s protests and even her eventual confession that she was Jewish, he married her\r\nand kept her identity a secret. In wrenching detail, Edith recalls a life of constant, almost paralyzing\r\nfear. She tells of German officials who casually questioned the lineage of her parents; of how, when giving birth to her daughter, she refused all painkillers, afraid that in an altered state of mind she might reveal something of her past; and of how, after her husband was captured by the Soviet army, she was bombed out of her house and had to hide while drunken Russian soldiers raped women on the street.\r\nYet despite the risk it posed to her life, Edith created a remarkable record of survival. She saved every document and set of papers issued to her, as well as photographs she managed to take inside labor camps. Now part of the permanent collection at the Holocaust Memorial Museum in Washington, D.C., these hundreds of documents, several of which are included in this volume, form the fabric of a gripping new chapter in the history of the Holocaust -- complex, troubling, and ultimately triumphant.','\r',char(13)),'\n',char(10)),'https://www.themoviedb.org/movie/63358-the-nazi-officer-s-wife','https://images-na.ssl-images-amazon.com/images/I/51NQo8fDVYL.jpg','','PG','https://www.youtube.com/embed/BGanNUxjcjE');
INSERT INTO shoahDDBB_movies VALUES(35,'Night and Fog','1956','France','Alain Resnais','French','One of the most vivid depictions of the horrors of Nazi Concentration Camps. Filmed in 1955 at several concentration camps in Poland, the film combines new color and black and white footage with black and white newsreels, footage shot by the victorious allies, and stills, to tell the story not only of the camps, but to portray the horror of man’s brutal inhumanity.','https://www.imdb.com/title/tt0048434/','https://m.media-amazon.com/images/M/MV5BMTU4NDA0MzUwNl5BMl5BanBnXkFtZTYwNDIzODM5._V1_.jpg','https://vimeo.com/189672641','Unrated','https://www.youtube.com/embed/wTBwpKB16gA');
INSERT INTO shoahDDBB_movies VALUES(36,'One Survivor Remembers','1996','US','Kary Antholis','English','Coproduced by the U.S.Holocaust Memorial Museum Research Institute,this Academy Award-winning documentary relates the harrowing story of Gerda Weissmann Klein and her journey of survival and remembering both before and after the war. In this documentary, Gerda Weissmann Klein takes us on a journey of survival. At age 16, Klein’s comfortable life was shattered by the Nazi invasion of Poland. She and her family were sent to a series of concentration camps, but she was the only one to survive. Footage shot on location in contemporary Europe is presented together with interviews and personal photographs. Klein’s story is an example of the strength of the human spirit.','https://www.themoviedb.org/movie/57130-one-survivor-remembers','https://m.media-amazon.com/images/I/51UU7C-b1vL._SY445_.jpg','https://www.hbo.com/movies/one-survivor-remembers','PG-13','https://www.youtube.com/embed/wChW7gUr0Vg');
INSERT INTO shoahDDBB_movies VALUES(37,'Out of the Ashes','2003','US','Joseph Sargent','English','In Out of the Ashes, one woman is forced to choose between two horrifying acts of evil, and ultimately finds the courage to make the right choice. Based on actual events that occurred during World War II that chronicles the life of a woman who lost her entire family and was forced to start life over in America. Based on a true story, this heart-wrenching film follows the journey of Gisella Perl, a Jewish-Hungarian doctor who manages to survive Auschwitz. Decades later, she’s applying for U.S. citizenship when she becomes accused of colluding with the Nazis. Her judge and jury are three INS investigators who must decide her fate.','https://www.themoviedb.org/movie/19338-out-of-the-ashes','https://www.themoviedb.org/t/p/w220_and_h330_face/zCqr0S40MZpzqN75JqymsDSO0sb.jpg','https://www.youtube.com/watch?v=KGXu_GvnE4U&ab_channel=md','Unrated','https://www.youtube.com/embed/XD0gB3yXYQs');
INSERT INTO shoahDDBB_movies VALUES(38,'Paper Clips','2004','US','Joe Fab','English',replace(replace('Paper Clips is an inspiring 2004 documentary about a consciousness-raising project that blossomed into something beautiful at a rural Tennessee school. When the principal of Whitwell\r\nMiddle School sought a program that would teach diversity to a predominantly white, Protestant student body, the notion of focusing on the Holocaust--specifically Hitler’s extermination of six million Jews--seemed like an obvious way to go. But understanding what “six million” looks like became a challenge. Thus was born the idea of collecting that number of paper clips at Whitwell as a visual reference.\r\nBut then it turned out paper clips actually have, in historical terms, symbolic value where the Holocaust is concerned. In this moving film,  one sees Whitwell students dig into research on Germany’s genocidal campaign, solicit clips from a variety of leaders and celebrities, and make a name for themselves on the national news. In time, the world comes to Whitwell’s doorstep, via unsolicited donations of clips from people around the world, and in a tearful meeting of students and Holocaust survivors. The dimensions of the project, the lessons about prejudice and intolerance, are stunning to watch grow beyond anyone’s wildest expectations. This is a great film for families and classrooms to watch together','\r',char(13)),'\n',char(10)),'https://www.themoviedb.org/movie/33823-paper-clips','https://www.themoviedb.org/t/p/w300_and_h450_bestv2/62E1tAw370MbsXWeTR10bg5VX5N.jpg','https://amzn.to/3CeFfKC','PG','https://www.youtube.com/embed/hA3G9WRLZhM');
INSERT INTO shoahDDBB_movies VALUES(39,'The Pawnbroker','1965','US','Sidney Lumet','English','This was one of the first films to deal with the effects of Nazi Germany’s concentration camps on their survivors. Sol Nazerman, operator of a pawn shop, and a concentration camp survivor faces a horrid internal conflict. Being engulfed in a New York ghetto environment, Sol suffers flashbacks. The flashbacks juxtapose concentration camp treatment with ghetto neighborhood treatment. Although the flashbacks suffer several historical inaccuracies, the point is well made. His internal conflicts between submitting to the same injustices he and his family suffered, or resisting the injustice, peak at the end of the film.','https://www.themoviedb.org/movie/20540-the-pawnbroker','https://www.themoviedb.org/t/p/w220_and_h330_face/fugbQ4ULVpGn1mDOMOgZxlQNJVL.jpg','https://amzn.to/3ChowXd','R','https://www.youtube.com/embed/eUyY_ybALSw');
INSERT INTO shoahDDBB_movies VALUES(40,'The Pianist','2002','US','Roman Polanski','English','Nominated for 7 Academy Awards, including Best Picture, and winner of 3, The Pianist stars Oscar winner Adrien Brody in the true-life story of brilliant pianist and composer Wladyslaw Szpilman, the most acclaimed young musician of his time until his promising career was interrupted by the onset of World War II. This powerful, ultimately triumphant film follows Szpilman’s heroic and inspirational journey of survival with the unlikely help from a sympathetic German officer (Thomas Kretschmann). A truly unforgettable epic, testifying to both the power of hope and the resiliency of the human spirit, The Pianist is a miraculous tale of survival masterfully brought to life by visionary filmmaker Roman Polanski in his most personal movie ever','https://www.themoviedb.org/movie/423-the-pianist','https://www.themoviedb.org/t/p/w220_and_h330_face/qgJ4CT2gCGJEUztmLmXosvf4lTX.jpg','https://shorturl.at/dhzP7','R','https://www.youtube.com/embed/u_jE7-6Uv7E');
INSERT INTO shoahDDBB_movies VALUES(41,'Rosenstrasse','2003','US','Margarethe von Trotta','German',replace(replace('When Ruth’s husband dies in New York, in 2000, she imposes strict Jewish mourning,\r\nwhich puzzles her children. A stranger comes to the house - Ruth’s cousin - with a picture of Ruth, age 8, in Berlin, with a woman the cousin says helped Ruth escape. Hannah, Ruth’s daughter engaged to a gentile, goes to Berlin to find the woman, Lena Fisher, now 90. Posing as a journalist investigating intermarriage, Hannah interviews Lena, who tells the story of a week in 1943 when the Jewish husbands of Aryan women were detained in a building on Rosenstrasse. The women gather daily for word of their husbands. The film goes back and forth to tell Ruth and Lena’s story.','\r',char(13)),'\n',char(10)),'https://www.themoviedb.org/movie/6317-rosenstra-e','https://www.themoviedb.org/t/p/w220_and_h330_face/mEPTXVtulEWLrilSxCK8wKymxa6.jpg','https://shorturl.at/gLYZ2','PG-13','https://www.youtube.com/embed/QEVT_3689dk');
INSERT INTO shoahDDBB_movies VALUES(42,'7th Heaven - I Hate You Season 2, Episode 9','1997','US','Brenda Hampton','English','This episode deals with hate on a number of different levels ranging from sibling rivalry to the rise of Hitler and the Holocaust. The story of the Holocaust survivor is based on the true story of Elisabeth Mann.','https://www.themoviedb.org/tv/4550-7th-heaven','https://www.themoviedb.org/t/p/w220_and_h330_face/s6mkZKanKim3VGUIxR2gGGf9jn0.jpg','https://www.hulu.com/series/7th-heaven-6ed21d50-5c60-40d2-b4c7-a7e01228c18e','PG','https://www.youtube.com/embed/_BI5F8j1Cb4');
INSERT INTO shoahDDBB_movies VALUES(43,'Schindler''s List','1993','US','Steven Spielberg','English',replace(replace('This film is based on a true story. Oskar Schindler, a German businessman in Poland, sees an opportunity to make money from the Nazis’ rise to power. He starts a company to make cookware and utensils, using flattery and bribes to win military contracts, and brings in accountant and financier Itzhak Stern to help run the factory. By staffing his plant with Jews who’ve been herded into Krakow’s ghetto by Nazi troops, Schindler has a dependable unpaid labor force.\r\nFor Stern, a job in a war-related plant could mean survival for himself and the other Jews working for Schindler. However, in 1942, all of Krakow’s Jews are assigned to the Plaszow Forced Labor Camp, overseen by Commandant Amon Goeth, an embittered alcoholic who occasionally shoots prisoners from his balcony. Schindler arranges to continue using Polish Jews in his plant, but, as he sees what is happening to his employees, he begins to develop a conscience. He realizes that his factory (now refitted to manufacture ammunition) is the only thing preventing his staff from being shipped to the death camps. Soon Schindler demands more workers and starts bribing Nazi leaders to keep Jews on his employee lists and out of the camps. By the time Germany falls to the allies, Schindler has lost his entire fortune -- and saved 1,100 people from likely death.','\r',char(13)),'\n',char(10)),'https://www.themoviedb.org/movie/424-schindler-s-list','https://www.themoviedb.org/t/p/w220_and_h330_face/doGEE2DgjET0XK0k9BozsMBES5H.jpg','https://amzn.to/3K52KYw','R','https://www.youtube.com/embed/bJcLRFWxRno');
INSERT INTO shoahDDBB_movies VALUES(44,'Shoah','1985','US','Claude Lanzmann','French',replace(replace('Claude Lanzmann directed this 9 1/2 hour documentary of the Holocaust without using a single frame of archive footage. He interviews survivors, witnesses, and ex-Nazis (whom he had to film secretly since though only agreed to be interviewed by audio). His style of interviewing by asking for the most minute details is effective at adding up these details to give a horrifying portrait of the events of Nazi genocide. He also shows, or rather lets some of his subjects themselves show, that the anti-Semitism that caused\r\n6 million Jews to die in the Holocaust is still alive in well in many people that still live in Germany, Poland, and elsewhere.','\r',char(13)),'\n',char(10)),'https://www.themoviedb.org/movie/42044-shoah','https://www.themoviedb.org/t/p/w220_and_h330_face/ttwYbNumLA7Txbf76cTYRQYIjOZ.jpg','https://amzn.to/3c2iz5V','Unrated','https://www.youtube.com/embed/0pwqHdNlNDk');
INSERT INTO shoahDDBB_movies VALUES(45,'The Shop on Main Street','1965','XC','Elmar Klos','Slovak','An inept Czech peasant is torn between greed and guilt when the Nazi-backed bosses of his town appoint him “Aryan controller” of an old Jewish widow’s button shop. Humor and tragedy fuse in this scathing exploration of one cowardly man’s complicity in the horrors of a totalitarian regime. Made near the height of Soviet oppression in Czechoslovakia, The Shop on Main Street features intense editing and camera work which won it the Academy Award® for Best Foreign Film in 1965.','https://www.themoviedb.org/movie/25905-obchod-na-korze','https://www.themoviedb.org/t/p/w220_and_h330_face/pOjsOzPzYrCFsMsatKxAwYzIeCg.jpg','https://shorturl.at/akOW2','NC-17','https://www.youtube.com/embed/gvZE9Yuxkyg');
INSERT INTO shoahDDBB_movies VALUES(46,'Skokie','1981','US','Herbert Wise','English','This is the story of some Modern day Nazi activists who plan to march through the predominantly Jewish community of Skokie. The town officials tell the citizens to ignore them cause there’s nothing that they can do. But one citizen (Kaye) who’s a death camp survivor says that he was told this nearly forty years ago in Germany and before he knew it he was in a concentration camp. He says this time if they march, he will not ignore them; he will take action. So, the mayor does what he can to stop them, so the Nazi’s leader (Dzundza) goes to the ACLU, and the Jewish lawyer (Rubinstein) he speaks to, says that this is a violation of the First Amendment and takes the case to court.','https://www.themoviedb.org/movie/258236-skokie','https://pics.filmaffinity.com/Skokie_TV-629717401-mmed.jpg','https://shorturl.at/BQRU8','Unrated','https://www.youtube.com/embed/35G28qXerFc');
INSERT INTO shoahDDBB_movies VALUES(47,'Survivors of the Holocaust','1996','US','Allan Holzman','English','The Survivors of the Shoah (Hebrew for Holocaust) Foundation grew out of Steven Spielberg’s research for his film Schindler’s List. He interviewed many survivors of the Holocaust and found that, despite their similar experiences, each had a unique story to tell. In order to preserve these memories for future generations so that the horrors of Nazi Europe might never be forgotten, Spielberg created the foundation, whose mission involves taping interviews with the remaining survivors. “Survivors of the Holocaust” provides just the briefest glimpse of the many stories the foundation has collected. The video is broken into thirds by year, so we learn of life before the Holocaust, during internment in concentration camps, and after liberation. The testimonies are powerful, and at times overwhelming. The photos and film clips are frequently horrifying and may be too much for younger viewers. The video opens with a brief presentation, hosted by Ben Kingsley, about the foundation itself. No matter how much you may have seen or read about the Holocaust, the interviews will affect you tremendously.','https://www.themoviedb.org/movie/360879-survivors-of-the-holocaust','https://m.media-amazon.com/images/M/MV5BODc5ODU5ODIzN15BMl5BanBnXkFtZTcwNDIzNTMyMQ@@._V1_FMjpg_UX100','','Unrated','');
INSERT INTO shoahDDBB_movies VALUES(48,'Varian''s War','2001','CA','Lionel Chetwynd','English',replace(replace('Varian Fry, an American journalist working in France during the beginning of World War II, is so deeply\r\nmoved by the discrimination and violence against Jews that he is motivated to act against the Nazi occupation of France. Fry organizes his mission: to return to France and save Jewish artists and intellectuals from the Nazis. Varian Fry is able to save over 1,000 people during his two years in France. Varian’s war is the true story of a man often called the American Schindler. This movie begins to answer the important question, “Where was America during the Holocaust.” Yes, Varian Fry’s heroism is valiant, but more importantly this movie shows students that the majority of Americans knew about the Holocaust and did nothing to help the victims. Scenes from Varian’s War could be easily clipped to spur discussion and activities related to America’s absence in this chapter of history','\r',char(13)),'\n',char(10)),'https://www.themoviedb.org/movie/74474-varian-s-war','https://www.themoviedb.org/t/p/w220_and_h330_face/pnLQVkkPqt4OIOUF9nhsG6rZOM0.jpg','https://shorturl.at/qX239','PG','https://www.youtube.com/embed/JRKNAHYc80Y');
INSERT INTO shoahDDBB_movies VALUES(49,'Sophie''s Choice','1982','US','Alan J. Pakula','English',replace(replace('Sophie is the survivor of Nazi concentration camps, who has found a reason to live in Nathan, a sparkling\r\nif unsteady American Jew obsessed with the Holocaust. They befriend Stingo, the movie’s narrator, a young American writer new to New York City. But the happiness of Sophie and Nathan is endangered by her ghosts and his obsessions.','\r',char(13)),'\n',char(10)),'https://www.themoviedb.org/movie/15764-sophie-s-choice','https://www.themoviedb.org/t/p/w220_and_h330_face/4QwTfiTSXlfp1aH1uwnOrCSIF9X.jpg','https://watch.plex.tv/movie/sophies-choice','R','https://www.youtube.com/embed/STPJVf6wqCk');
INSERT INTO shoahDDBB_movies VALUES(50,'Triumph of the Spirit','1989','US','Robert M. Young','English','Fact based story about a former Greek Olympic boxer who was taken as a prisoner during World War II and placed in the Auschwitz prison camp. There he was permitted to survive as long as he fought for the amusement of his captors. His father and brother were also held as insurance that he would continue to fight.','https://www.themoviedb.org/movie/56179-triumph-of-the-spirit','https://www.themoviedb.org/t/p/w220_and_h330_face/dxaSARmpCiFOCaxwGvjYAXMYPE4.jpg','https://amzn.to/3QVIhru','R','https://www.youtube.com/embed/NIHhxGS8Dk0');
INSERT INTO shoahDDBB_movies VALUES(51,'Uprising','2001','US','Jon Avnet','English',replace(replace('Using radically refashioned archival footage of the Warsaw ghetto, this interview with Jon\r\nAvnet, the director of Uprising, talks about Marek Edelman in this evocative memoir of his role in the rebellion that held back the Nazis for almost a month in 1943. The film begins with the growing list of\r\nprohibitions and regulations leading to the virtual imprisonment of about half-a-million Polish Jews in an old slum district of Warsaw with inadequate space and plumbing. An overhead tracking shot shows the number of people assembled in the first months of the relocation.\r\nThe daily struggle against hunger and disease, especially among the dispossessed arrivals seen in their pitiful rags, is aggravated by the German demands for “deportations to the east” that many begin to suspect are camouflaged mass murders. By the close of 1942, people living in the ghetto realize they are doomed, and the rudiments of resistance are planned by a handful of the young.','\r',char(13)),'\n',char(10)),'https://www.imdb.com/title/tt0250798/?ref_=nm_flmg_act_72','https://pics.filmaffinity.com/Uprising_Miniserie_de_TV-198287626-large.jpg','https://www.youtube.com/watch?v=chC0r5IBEHY&ab_channel=NedChil','PG','https://www.youtube.com/embed/chC0r5IBEHY');
INSERT INTO shoahDDBB_movies VALUES(52,'The Wannsee Conference','1984','DE','Heinz Schirk','German',replace(replace('The horror of the Holocaust began on January 20, 1942, when key representatives of the SS, the Nazi\r\nParty, and the government bureaucracy met secretly at a house in Wannsee, a quiet Berlin suburb, to discuss the “Final Solution.” While they enjoyed a buffet lunch, brandy, and cigarettes, they discussed how they could systematically exterminate eleven million Jewish people. Director Heinz Schirk and writer Paul Mommertz use actual notes from the conference— along with letters written by Hermann Goering and Adolf Eichmann as well as testimony given by Eichmann at his 1961 trial in Israel— to re-create the shocking events of the fateful 85-minute meeting. Viewers become stunned witnesses to the coldblooded, matter-of-fact manner in which the most hideous crime in history was set in motion.','\r',char(13)),'\n',char(10)),'https://www.themoviedb.org/movie/42088-die-wannseekonferenz','https://www.themoviedb.org/t/p/w600_and_h900_bestv2/wZno9DqrpOYJYnAHlg8Cq2s2EC3.jpg','https://shorturl.at/dntY9','PG-13','https://www.youtube.com/embed/9uCNYeH7SN8');
INSERT INTO shoahDDBB_movies VALUES(53,'The Wave','1981','US','Alexander Grasshoff','English','This after school special is based on a true story of a classroom experiment in which a teacher demonstrates how it was possible for the German people to embrace Nazism.','https://archive.org/details/TheWave1981','https://images-na.ssl-images-amazon.com/images/I/518wrtHnyQL._SS400_.jpg','https://shorturl.at/dgoS2','PG-13','https://www.youtube.com/embed/dPTsVjnGNZ8');
INSERT INTO shoahDDBB_movies VALUES(54,'America and the Holocaust: Deceit and Indifference','1994','US','Marty Ostrow','English','This production traces the social and political factors shaping the American response to the Holocaust.','https://www.imdb.com/title/tt0195518/','https://coverart.oclc.org/ImageWebSvc/oclc/+-+29742051_140.jpg','','PG-13','https://www.youtube.com/embed/GGwkE_PRuU4');
INSERT INTO shoahDDBB_movies VALUES(55,'Angel of Death','1985','France / Spain','Andrea Bianchi / Jesús Franco','Spanish / English','This film portrays Nazi hunters trying to find the “Angel of Death,” Dr. Joseph Mengele, in South America','https://www.imdb.com/title/tt0090642/','https://i.ebayimg.com/images/g/cMkAAOSwhz9hE8Dn/s-l600.jpg','https://shorturl.at/ryAY9','R','https://www.youtube.com/embed/lc3EiERYy1Y');
INSERT INTO shoahDDBB_movies VALUES(56,'Escape from Sobibor','1987','United Kingdom / Yugoslavia','Jack Gold','English','The film describes the largest successful escape from a Nazi concentration camp.','https://www.imdb.com/title/tt0092978/?ref_=tt_mv_close','https://upload.wikimedia.org/wikipedia/en/8/86/Escape_From_Sobibor.jpg','https://shorturl.at/hJV45','R','https://www.youtube.com/embed/Sg28i77xaNI');
INSERT INTO shoahDDBB_movies VALUES(57,'"The World at War" Genocide: 1941-1945','1974','UK','Michael Darlow','English',replace(replace('The history of the Nazi persecution of the Jews, showing events leading to the "Final Solution". Footage and Interviews with SS officers and Jewish survivors from various countries describe how the extermination camps operated and what existence was like there.\r\nAn excellent overview of the Holocaust.','\r',char(13)),'\n',char(10)),'https://www.imdb.com/title/tt1129869/','https://upload.wikimedia.org/wikipedia/en/thumb/2/29/Worldatwar.jpg/250px-Worldatwar.jpg','https://shorturl.at/lsKN7','PG','https://www.youtube.com/embed/zISm7sHdlEY');
INSERT INTO shoahDDBB_movies VALUES(58,'Hitler: The Whole Story','1989','US','Joachim C. Fest','English','This is a documentary on the life of Hitler','https://www.rottentomatoes.com/m/hitler_a_career','https://m.media-amazon.com/images/I/51E1WH4ZBFL._AC_SY445_.jpg','https://shar.es/af6Kii','PG-13','https://www.youtube.com/embed/rfxi5os43M0');
INSERT INTO shoahDDBB_movies VALUES(59,'Holocaust','1978','US','Marvin J. Chomsky','English','This film presents the complete scope of the Holocaust. It is an excellent film','https://www.imdb.com/title/tt0077025/','https://upload.wikimedia.org/wikipedia/en/3/35/Holocaust_%28TV_miniseries%29_dvd.jpg','https://shorturl.at/dfqM6','PG-13','https://www.youtube.com/embed/rDbJqybMy3E');
INSERT INTO shoahDDBB_movies VALUES(60,'Image Before My Eyes','1981','US','Joshua Waletzky','English','This documentary portrays Jewish life in Poland in the late nineteenth century up to its destruction during the time of the Holocaust.','https://www.imdb.com/title/tt0126957/','https://www.tvguide.com/a/img/catalog/provider/1/3/1-11349463041.jpg','https://amzn.to/3CA2wq4','PG','https://www.youtube.com/embed/2JNZDpRHNAo');
INSERT INTO shoahDDBB_movies VALUES(61,'Judgment at Nuremberg','1961','US','Stanley Kramer','English, German','This is a film about the Nuremberg War Crime trials.','https://www.imdb.com/title/tt0055031/','https://m.media-amazon.com/images/M/MV5BNjQwMDc1ODM1OF5BMl5BanBnXkFtZTcwNDAxNzUyMQ@@._V1_.jpg','https://amzn.to/3ygkZWl','R','https://www.youtube.com/embed/jG8JsLy_aTI');
INSERT INTO shoahDDBB_movies VALUES(62,'The Man Who Captured Eichmann','1996','US','William A. Graham','English','This film describes the capture of Adolph Eichman. He was instrumental in implementing the “final solution.” by organizing the transportation of Jews in Europe to death camps. He was an SS lieutenant colonel and head of the Jewish section of the Gestapo.','https://www.themoviedb.org/tv/47188-the-man-who-captured-eichmann','https://upload.wikimedia.org/wikipedia/en/1/1e/The_Man_Who_Captured_Eichmann.jpg','https://amzn.to/3G3684O','PG-13','https://www.youtube.com/embed/_oAI3MfZrf4');
INSERT INTO shoahDDBB_movies VALUES(63,'More Than Broken Glass: Memories of Kristallnacht','1988','US','Chris Pelzer','German','This film contains photographs and first hand interviews with witnesses of the Night of Broken Glass on the eve of November 9, 1938.','https://shar.es/aflmy6','https://i.ebayimg.com/images/g/QtoAAOSw-nZTnlAh/s-l1600.jpg','','PG-13','');
INSERT INTO shoahDDBB_movies VALUES(64,'The Nazis: A Warning from History','1997','UK','Laurence Rees','English','This is the acclaimed six video BBC documentary.  Documentary film series that examines Adolf Hitler and the Nazis'' rise to power, their zenith, their decline and fall, and the consequences of their reign featuring archive footage and interviews with eyewitnesses.','https://www.themoviedb.org/tv/18892-the-nazis-a-warning-from-history?language=en-US','https://www.themoviedb.org/t/p/w600_and_h900_bestv2/4IjlqECvjuUiu2pU4XdU9xYOTED.jpg','https://shar.es/aflmix','PG','https://www.youtube.com/embed/01HCBMcgGWs');
INSERT INTO shoahDDBB_movies VALUES(65,'American Experience: The Nuremberg Trials','2006','US','Michael Kloft','English','Updated version of the earlier film. One journalist described it as a chance "to see justice catch up with evil." On November 20, 1945, the twenty-two surviving representatives of the Nazi elite stood before an international military tribunal at the Palace of Justice in Nuremberg, Germany; they were charged with the systematic murder of millions of people. The ensuing trial pitted U.S. chief prosecutor and Supreme Court judge Robert Jackson against Hermann Göring, the former head of the Nazi air force, whom Adolf Hitler had once named to be his successor. Jackson hoped that the trial would make a statement that crimes against humanity would never again go unpunished. Proving the guilt of the defendants, however, was more difficult than Jackson anticipated. This American Experience production draws upon rare archival material and eyewitness accounts to recreate the dramatic tribunal that defines trial procedure for state criminals to this day.','https://www.themoviedb.org/movie/631248-american-experience-the-nuremberg-trials?language=en-US','https://www.themoviedb.org/t/p/w600_and_h900_bestv2/hPVL7eFmpx1wqrmdDgxGbmdqQRV.jpg','https://amzn.to/3Wss7c7','PG','');
INSERT INTO shoahDDBB_movies VALUES(66,'The Rise and Fall of Adolf Hitler','2008','US','Liam Dale','English','Six videos describe Hitler’s background, rise to power and eventual downfall. Explores the path of hitler from insignificance, to World domination, and demonstrates the delusions he had that lead to massive deaths during the War.','https://shar.es/aflmE8','https://www.themoviedb.org/t/p/w600_and_h900_bestv2/hh1v0b9rudGOi3uKEIcF6C5XdQj.jpg','https://www.youtube.com/embed/oenHZd8H0XA','R','https://www.youtube.com/embed/oenHZd8H0XA');
INSERT INTO shoahDDBB_movies VALUES(67,'Shadow on the Cross','1990','UK','Malcolm Feuerstein','English',replace(replace('This film describes the influences of historic Christian\r\nanti-semitism on the Third Reich.','\r',char(13)),'\n',char(10)),'','','','R','');
INSERT INTO shoahDDBB_movies VALUES(68,'There Once Was a Town','2000','US','Jeff Bieber','English',replace(replace('A Remarkable Journey of Hope and Survival\r\n\r\nIn 1941, Nazis invaded the small town of Eishyshok, Poland (now Lithuania), and brutally murdered nearly all 3,500 Jewish residents. Fifty-six years after the massacre, four survivors and their families return to their childhood home. This remarkable 90-minute documentary is narrated by Actor Ed Asner, a descendant of an Eishyshok family. \r\n\r\nReknowned Professor and author Yaffa Eliach leads the group in its search for remnants of Jewish life that flourished before the war. The documentary is based in part on Professor Eliach’s critically-acclaimed book, “There Once Was a World: A Nine Hundred Year Chronicle of the Shtetl of Eishyshok.”\r\n\r\nThe Director, Jeff Bieber, brilliantly captures the ''Zeitgeist'' of pre WWII Eishyshok, while simultaneously capturing the horrors that the victims endured during and after the Holocaust.','\r',char(13)),'\n',char(10)),'','https://m.media-amazon.com/images/I/519646GD02L._AC_UY218_.jpg','https://shar.es/afl0C5','PG','https://www.youtube.com/embed/ikSdZDwS0s0');
INSERT INTO shoahDDBB_movies VALUES(69,'Train of Life','1998','France','Radu Mihăileanu','French','In the tradition of Life is Beautiful, this comic adventure is a tribute to the human spirit. Masquerading as Nazis, members of this French community, build a train to deport themselves to freedom.','https://www.themoviedb.org/movie/8056-train-de-vie?language=en-US','https://www.themoviedb.org/t/p/w220_and_h330_face/anUwgyVrC7kUwN5OliazbC5qBfr.jpg','https://shar.es/afl0jV','PG-13','https://www.youtube.com/embed/OD57oQ-z9N0');
INSERT INTO shoahDDBB_movies VALUES(70,'The Warsaw Ghetto','1969','UK','BBC','English','This documentary uses historic film footage describing the creation of the ghetto and day to day life as well as the final weeks of resistance.','','','https://shar.es/afl0dr','PG','https://www.youtube.com/embed/wgB8EgiBcLw');
CREATE TABLE IF NOT EXISTS "shoahDDBB_commentaries" ("id" integer NOT NULL PRIMARY KEY AUTOINCREMENT, "title" varchar(100) NOT NULL, "commentary" text NOT NULL, "author_id" integer NOT NULL REFERENCES "auth_user" ("id") DEFERRABLE INITIALLY DEFERRED, "movie_id" bigint NOT NULL REFERENCES "shoahDDBB_movies" ("id") DEFERRABLE INITIALLY DEFERRED);
DELETE FROM sqlite_sequence;
INSERT INTO sqlite_sequence VALUES('django_migrations',28);
INSERT INTO sqlite_sequence VALUES('django_admin_log',138);
INSERT INTO sqlite_sequence VALUES('django_content_type',11);
INSERT INTO sqlite_sequence VALUES('auth_permission',44);
INSERT INTO sqlite_sequence VALUES('auth_group',0);
INSERT INTO sqlite_sequence VALUES('auth_user',2);
INSERT INTO sqlite_sequence VALUES('dog_shelters_dog',4);
INSERT INTO sqlite_sequence VALUES('dog_shelters_shelter',2);
INSERT INTO sqlite_sequence VALUES('auth_user_user_permissions',3);
INSERT INTO sqlite_sequence VALUES('contact_contact',6);
INSERT INTO sqlite_sequence VALUES('shoahDDBB_movies',70);
CREATE UNIQUE INDEX "auth_group_permissions_group_id_permission_id_0cd325b0_uniq" ON "auth_group_permissions" ("group_id", "permission_id");
CREATE INDEX "auth_group_permissions_group_id_b120cbf9" ON "auth_group_permissions" ("group_id");
CREATE INDEX "auth_group_permissions_permission_id_84c5c92e" ON "auth_group_permissions" ("permission_id");
CREATE UNIQUE INDEX "auth_user_groups_user_id_group_id_94350c0c_uniq" ON "auth_user_groups" ("user_id", "group_id");
CREATE INDEX "auth_user_groups_user_id_6a12ed8b" ON "auth_user_groups" ("user_id");
CREATE INDEX "auth_user_groups_group_id_97559544" ON "auth_user_groups" ("group_id");
CREATE UNIQUE INDEX "auth_user_user_permissions_user_id_permission_id_14a6b632_uniq" ON "auth_user_user_permissions" ("user_id", "permission_id");
CREATE INDEX "auth_user_user_permissions_user_id_a95ead1b" ON "auth_user_user_permissions" ("user_id");
CREATE INDEX "auth_user_user_permissions_permission_id_1fbb5f2c" ON "auth_user_user_permissions" ("permission_id");
CREATE INDEX "django_admin_log_content_type_id_c4bce8eb" ON "django_admin_log" ("content_type_id");
CREATE INDEX "django_admin_log_user_id_c564eba6" ON "django_admin_log" ("user_id");
CREATE UNIQUE INDEX "django_content_type_app_label_model_76bd3d3b_uniq" ON "django_content_type" ("app_label", "model");
CREATE UNIQUE INDEX "auth_permission_content_type_id_codename_01ab375a_uniq" ON "auth_permission" ("content_type_id", "codename");
CREATE INDEX "auth_permission_content_type_id_2f476e4b" ON "auth_permission" ("content_type_id");
CREATE INDEX "django_session_expire_date_a5c62663" ON "django_session" ("expire_date");
CREATE INDEX "dog_shelters_dog_shelter_id_bf695502" ON "dog_shelters_dog" ("shelter_id");
CREATE INDEX "shoahDDBB_commentaries_author_id_f4e88eab" ON "shoahDDBB_commentaries" ("author_id");
CREATE INDEX "shoahDDBB_commentaries_movie_id_31a00678" ON "shoahDDBB_commentaries" ("movie_id");
COMMIT;
